KEY_CODE,HYOSYO,CITYNAME,NAME,HTKSYORI,HTKSAKI,GASSAN,人口総数,男,女,世帯総数
39201,1,高知市,,0,,,326545,152455,174090,154171
392010010,3,高知市,上町,0,,,3037,1321,1716,1654
39201001001,4,高知市,上町一丁目,0,,,952,410,542,430
39201001002,4,高知市,上町二丁目,0,,,457,211,246,299
39201001003,4,高知市,上町三丁目,0,,,764,325,439,435
39201001004,4,高知市,上町四丁目,0,,,551,244,307,331
39201001005,4,高知市,上町五丁目,0,,,313,131,182,159
392010020,2,高知市,本丁筋,0,,,46,23,23,25
392010030,2,高知市,水通町,0,,,19,11,8,12
392010040,2,高知市,通町,0,,,184,80,104,91
392010050,2,高知市,唐人町,0,,,450,217,233,283
392010060,2,高知市,与力町,0,,,478,230,248,299
392010070,3,高知市,鷹匠町,0,,,815,357,458,430
39201007001,4,高知市,鷹匠町一丁目,0,,,409,176,233,236
39201007002,4,高知市,鷹匠町二丁目,0,,,406,181,225,194
392010080,3,高知市,本町,0,,,1331,551,780,743
39201008001,4,高知市,本町一丁目,0,,,257,114,143,158
39201008002,4,高知市,本町二丁目,0,,,134,63,71,95
39201008003,4,高知市,本町三丁目,0,,,442,170,272,260
39201008004,4,高知市,本町四丁目,0,,,78,32,46,40
39201008005,4,高知市,本町五丁目,0,,,420,172,248,190
392010090,2,高知市,升形,0,,,594,256,338,347
392010100,3,高知市,帯屋町,0,,,404,143,261,164
39201010001,4,高知市,帯屋町一丁目,0,,,70,24,46,31
39201010002,4,高知市,帯屋町二丁目,0,,,334,119,215,133
392010110,3,高知市,追手筋,0,,,134,58,76,78
39201011001,4,高知市,追手筋一丁目,0,,,66,35,31,28
39201011002,4,高知市,追手筋二丁目,0,,,68,23,45,50
392010120,2,高知市,廿代町,0,,,795,375,420,539
392010130,2,高知市,永国寺町,0,,,412,188,224,225
392010140,3,高知市,丸ノ内,0,,,278,131,147,154
39201014001,4,高知市,丸ノ内一丁目,0,,,107,50,57,61
39201014002,4,高知市,丸ノ内二丁目,0,,,171,81,90,93
392010150,2,高知市,中の島,0,,,422,185,237,241
392010160,2,高知市,九反田,0,,,940,390,550,487
392010170,2,高知市,菜園場町,0,,,215,95,120,120
392010180,2,高知市,農人町,0,,,317,152,165,190
392010190,2,高知市,城見町,0,,,441,192,249,161
392010200,2,高知市,堺町,0,,,258,125,133,177
392010210,3,高知市,南はりまや町,0,,,768,358,410,483
39201021001,4,高知市,南はりまや町一丁目,0,,,350,160,190,228
39201021002,4,高知市,南はりまや町二丁目,0,,,418,198,220,255
392010220,2,高知市,弘化台,0,,,89,45,44,44
392010230,3,高知市,桜井町,0,,,2312,1097,1215,1332
39201023001,4,高知市,桜井町一丁目,0,,,1097,497,600,620
39201023002,4,高知市,桜井町二丁目,0,,,1215,600,615,712
392010240,3,高知市,はりまや町,0,,,1336,635,701,830
39201024001,4,高知市,はりまや町一丁目,0,,,335,165,170,221
39201024002,4,高知市,はりまや町二丁目,0,,,282,141,141,197
39201024003,4,高知市,はりまや町三丁目,0,,,719,329,390,412
392010250,2,高知市,宝永町,0,,,536,237,299,287
392010260,2,高知市,弥生町,0,,,734,342,392,406
392010270,2,高知市,丸池町,0,,,493,233,260,235
392010280,2,高知市,小倉町,0,,,444,199,245,238
392010290,2,高知市,東雲町,0,,,948,462,486,582
392010300,2,高知市,日の出町,0,,,612,281,331,383
392010310,3,高知市,知寄町,0,,,1270,541,729,691
39201031001,4,高知市,知寄町一丁目,0,,,572,232,340,302
39201031002,4,高知市,知寄町二丁目,0,,,553,232,321,288
39201031003,4,高知市,知寄町三丁目,0,,,145,77,68,101
392010320,2,高知市,青柳町,0,,,837,391,446,450
392010330,2,高知市,稲荷町,0,,,722,306,416,368
392010340,2,高知市,若松町,0,,,483,214,269,266
392010350,2,高知市,高そね,0,,,798,374,424,421
392010360,2,高知市,杉井流,0,,,1179,567,612,542
392010370,2,高知市,北金田,0,,,375,175,200,182
392010380,2,高知市,南金田,0,,,704,327,377,298
392010390,2,高知市,札場,0,,,687,318,369,295
392010400,2,高知市,南御座,0,,,826,398,428,399
392010410,2,高知市,北御座,0,,,353,163,190,204
392010420,2,高知市,南川添,0,,,543,267,276,316
392010430,2,高知市,北川添,0,,,791,373,418,490
392010440,2,高知市,北久保,0,,,1148,527,621,583
392010450,2,高知市,南久保,0,,,21,17,4,18
392010460,2,高知市,海老ノ丸,0,,,194,113,81,114
392010470,2,高知市,中宝永町,0,,,525,232,293,334
392010480,2,高知市,南宝永町,0,,,487,210,277,298
392010490,2,高知市,二葉町,0,,,738,305,433,425
392010500,2,高知市,入明町,0,,,602,269,333,265
392010510,2,高知市,洞ケ島町,0,,,214,94,120,127
392010520,2,高知市,寿町,0,,,290,134,156,116
392010530,2,高知市,中水道,0,,,701,309,392,355
392010540,2,高知市,幸町,0,,,693,322,371,391
392010550,2,高知市,伊勢崎町,0,,,617,257,360,267
392010560,2,高知市,相模町,0,,,422,191,231,221
392010570,2,高知市,吉田町,0,,,538,247,291,274
392010580,3,高知市,愛宕町,0,,,2604,1159,1445,1321
39201058001,4,高知市,愛宕町一丁目,0,,,584,246,338,223
39201058002,4,高知市,愛宕町二丁目,0,,,585,262,323,325
39201058003,4,高知市,愛宕町三丁目,0,,,707,319,388,364
39201058004,4,高知市,愛宕町四丁目,0,,,728,332,396,409
392010590,3,高知市,大川筋,0,,,651,294,357,409
39201059001,4,高知市,大川筋一丁目,0,,,262,137,125,165
39201059002,4,高知市,大川筋二丁目,0,,,389,157,232,244
392010600,2,高知市,駅前町,0,,,66,27,39,51
392010610,2,高知市,相生町,0,,,317,142,175,132
392010620,2,高知市,江陽町,0,,,244,115,129,135
392010630,3,高知市,北本町,0,,,3122,1400,1722,1633
39201063001,4,高知市,北本町一丁目,0,,,494,221,273,266
39201063002,4,高知市,北本町二丁目,0,,,406,182,224,223
39201063003,4,高知市,北本町三丁目,0,,,999,440,559,505
39201063004,4,高知市,北本町四丁目,0,,,1223,557,666,639
392010640,3,高知市,栄田町,0,,,468,204,264,291
39201064001,4,高知市,栄田町一丁目,0,,,249,100,149,161
39201064002,4,高知市,栄田町二丁目,0,,,-,-,-,-
39201064003,4,高知市,栄田町三丁目,0,,,219,104,115,130
392010650,3,高知市,新本町,0,,,1286,563,723,646
39201065001,4,高知市,新本町一丁目,0,,,483,211,272,231
39201065002,4,高知市,新本町二丁目,0,,,803,352,451,415
392010660,2,高知市,昭和町,0,,,871,384,487,493
392010670,2,高知市,和泉町,0,,,559,244,315,339
392010680,2,高知市,塩田町,0,,,738,335,403,407
392010690,3,高知市,比島町,0,,,3064,1352,1712,1626
39201069001,4,高知市,比島町一丁目,0,,,509,235,274,267
39201069002,4,高知市,比島町二丁目,0,,,1668,723,945,886
39201069003,4,高知市,比島町三丁目,0,,,475,208,267,267
39201069004,4,高知市,比島町四丁目,0,,,412,186,226,206
392010700,2,高知市,井口町,0,,,526,234,292,256
392010710,2,高知市,平和町,0,,,300,147,153,157
392010720,2,高知市,三ノ丸,0,,,97,46,51,62
392010730,2,高知市,宮前町,0,,,240,115,125,111
392010740,2,高知市,西町,0,,,520,220,300,236
392010751,2,高知市,大膳町,0,,,115,47,68,62
392010752,2,高知市,大膳町,0,,,166,70,96,26
392010760,2,高知市,山ノ端町,0,,,625,280,345,351
392010770,2,高知市,桜馬場,0,,,512,229,283,296
392010780,2,高知市,城北町,0,,,427,198,229,196
392010790,2,高知市,北八反町,0,,,32,15,17,16
392010800,2,高知市,宝町,0,,,871,382,489,455
392010810,2,高知市,小津町,0,,,775,367,408,365
392010820,3,高知市,越前町,0,,,716,325,391,350
39201082001,4,高知市,越前町一丁目,0,,,249,108,141,122
39201082002,4,高知市,越前町二丁目,0,,,467,217,250,228
392010830,3,高知市,新屋敷,0,,,1677,732,945,810
39201083001,4,高知市,新屋敷一丁目,0,,,742,321,421,367
39201083002,4,高知市,新屋敷二丁目,0,,,935,411,524,443
392010840,3,高知市,八反町,0,,,1550,715,835,751
39201084001,4,高知市,八反町一丁目,0,,,669,309,360,313
39201084002,4,高知市,八反町二丁目,0,,,881,406,475,438
392010850,2,高知市,東城山町,0,,,1033,464,569,480
392010860,2,高知市,城山町,0,,,1740,790,950,716
392010870,2,高知市,東石立町,0,,,933,400,533,466
392010880,2,高知市,石立町,0,,,1313,614,699,646
392010890,2,高知市,玉水町,0,,,601,274,327,316
392010900,2,高知市,縄手町,0,,,494,232,262,246
392010910,2,高知市,鏡川町,0,,,509,228,281,273
392010920,2,高知市,下島町,0,,,371,147,224,124
392010930,3,高知市,旭町,0,,,1751,734,1017,978
39201093001,4,高知市,旭町一丁目,0,,,416,176,240,234
39201093002,4,高知市,旭町二丁目,0,,,549,238,311,327
39201093003,4,高知市,旭町三丁目,0,,,786,320,466,417
392010940,2,高知市,赤石町,0,,,258,104,154,126
392010950,2,高知市,中須賀町,0,,,501,221,280,265
392010960,2,高知市,旭駅前町,0,,,388,160,228,217
392010970,2,高知市,元町,0,,,245,115,130,133
392010980,2,高知市,南元町,0,,,315,109,206,136
392010990,2,高知市,旭上町,0,,,224,115,109,119
392011000,2,高知市,水源町,0,,,223,100,123,110
392011010,2,高知市,本宮町,0,,,679,320,359,373
392011020,2,高知市,上本宮町,0,,,1098,531,567,536
392011030,2,高知市,大谷,0,,,284,142,142,121
392011040,2,高知市,岩ケ淵,0,,,230,104,126,113
392011050,2,高知市,鳥越,0,,,630,309,321,270
392011060,2,高知市,塚ノ原,0,,,1561,739,822,722
392011070,2,高知市,西塚ノ原,0,,,1389,658,731,585
392011080,2,高知市,長尾山町,0,,,834,382,452,386
392011090,2,高知市,旭天神町,0,,,1094,504,590,562
392011100,2,高知市,佐々木町,0,,,867,415,452,361
392011110,2,高知市,北端町,0,,,452,189,263,205
392011120,2,高知市,山手町,0,,,290,136,154,147
392011130,2,高知市,横内,0,,,1753,857,896,708
392011140,2,高知市,口細山,0,,,2522,1219,1303,847
392011150,2,高知市,尾立,0,,,148,71,77,61
392011160,2,高知市,蓮台,0,,,55,24,31,25
392011170,2,高知市,福井町,0,,,7212,3352,3860,3038
392011180,2,高知市,福井扇町,0,,,757,335,422,357
392011190,2,高知市,福井東町,0,,,1049,493,556,479
392011200,2,高知市,土居町,0,,,444,182,262,205
392011210,2,高知市,役知町,0,,,743,346,397,474
392011220,3,高知市,潮新町,0,,,1487,702,785,802
39201122001,4,高知市,潮新町一丁目,0,,,1039,493,546,551
39201122002,4,高知市,潮新町二丁目,0,,,448,209,239,251
392011230,2,高知市,仲田町,0,,,681,322,359,349
392011240,2,高知市,北新田町,0,,,915,430,485,476
392011250,2,高知市,新田町,0,,,783,364,419,394
392011260,2,高知市,南新田町,0,,,56,25,31,28
392011270,2,高知市,梅ノ辻,0,,,771,355,416,456
392011280,3,高知市,桟橋通,0,,,3858,1783,2075,2138
39201128001,4,高知市,桟橋通一丁目,0,,,810,378,432,518
39201128002,4,高知市,桟橋通二丁目,0,,,528,247,281,256
39201128003,4,高知市,桟橋通三丁目,0,,,835,366,469,472
39201128004,4,高知市,桟橋通四丁目,0,,,1025,480,545,547
39201128005,4,高知市,桟橋通五丁目,0,,,243,106,137,127
39201128006,4,高知市,桟橋通六丁目,0,,,417,206,211,218
392011290,2,高知市,天神町,0,,,672,315,357,418
392011300,2,高知市,筆山町,0,,,98,51,47,63
392011310,3,高知市,塩屋崎町,0,,,1193,582,611,589
39201131001,4,高知市,塩屋崎町一丁目,0,,,244,121,123,134
39201131002,4,高知市,塩屋崎町二丁目,0,,,949,461,488,455
392011320,3,高知市,百石町,0,,,3465,1641,1824,1877
39201132001,4,高知市,百石町一丁目,0,,,624,287,337,339
39201132002,4,高知市,百石町二丁目,0,,,1018,497,521,509
39201132003,4,高知市,百石町三丁目,0,,,1030,474,556,622
39201132004,4,高知市,百石町四丁目,0,,,793,383,410,407
392011330,2,高知市,南ノ丸町,0,,,377,171,206,213
392011340,2,高知市,南竹島町,0,,,807,433,374,448
392011350,2,高知市,竹島町,0,,,1664,803,861,826
392011361,2,高知市,北竹島町,0,,,77,35,42,31
392011362,2,高知市,北竹島町,0,,,1915,891,1024,991
392011370,2,高知市,北高見町,0,,,784,352,432,376
392011380,2,高知市,高見町,0,,,796,382,414,389
392011390,2,高知市,六泉寺町,0,,,1335,626,709,723
392011400,2,高知市,孕東町,0,,,5,3,2,3
392011410,2,高知市,孕西町,0,,,729,349,380,330
392011420,2,高知市,深谷町,0,,,156,79,77,66
392011430,2,高知市,南中山,0,,,13,7,6,8
392011440,2,高知市,北中山,0,,,50,24,26,29
392011450,2,高知市,幸崎,0,,,98,43,55,50
392011460,2,高知市,小石木町,0,,,730,315,415,379
392011470,2,高知市,大原町,0,,,448,219,229,257
392011480,2,高知市,河ノ瀬町,0,,,639,316,323,383
392011490,2,高知市,南河ノ瀬町,0,,,678,314,364,326
392011500,3,高知市,萩町,0,,,30,17,13,19
39201150001,4,高知市,萩町一丁目,0,,,30,17,13,19
39201150002,4,高知市,萩町二丁目,0,,,-,-,-,-
392011510,2,高知市,池,0,,,1737,810,927,678
392011521,3,高知市,十津,0,,,4171,1991,2180,1908
39201152101,4,高知市,十津一丁目,0,,,668,326,342,299
39201152102,4,高知市,十津二丁目,0,,,482,227,255,148
39201152103,4,高知市,十津三丁目,0,,,903,428,475,440
39201152104,4,高知市,十津四丁目,0,,,814,400,414,382
39201152105,4,高知市,十津五丁目,0,,,1234,573,661,603
39201152106,4,高知市,十津六丁目,0,,,70,37,33,36
392011522,3,高知市,仁井田,0,,,3696,1752,1944,1643
39201152200,4,高知市,仁井田（その一）,0,,,103,44,59,41
39201152201,4,高知市,仁井田（その二）,0,,,3593,1708,1885,1602
392011530,2,高知市,種崎,0,,,1581,742,839,800
392011540,2,高知市,吸江,0,,,370,179,191,157
392011550,2,高知市,五台山,0,,,1850,815,1035,775
392011560,2,高知市,屋頭,0,,,77,38,39,32
392011571,3,高知市,高須,0,,,5100,2388,2712,2696
39201157101,4,高知市,高須一丁目,0,,,1070,494,576,546
39201157102,4,高知市,高須二丁目,0,,,1934,924,1010,1029
39201157103,4,高知市,高須三丁目,0,,,2096,970,1126,1121
392011572,2,高知市,高須,0,,,8,6,2,3
392011580,3,高知市,葛島,0,,,2882,1320,1562,1481
39201158001,4,高知市,葛島一丁目,0,,,671,310,361,395
39201158002,4,高知市,葛島二丁目,0,,,682,303,379,304
39201158003,4,高知市,葛島三丁目,0,,,539,259,280,257
39201158004,4,高知市,葛島四丁目,0,,,990,448,542,525
392011590,3,高知市,高須新町,0,,,2251,1047,1204,1128
39201159001,4,高知市,高須新町一丁目,0,,,622,298,324,288
39201159002,4,高知市,高須新町二丁目,0,,,570,262,308,312
39201159003,4,高知市,高須新町三丁目,0,,,514,244,270,260
39201159004,4,高知市,高須新町四丁目,0,,,545,243,302,268
392011600,2,高知市,布師田,0,,,1755,968,787,646
392011611,3,高知市,一宮しなね,0,,,1480,682,798,640
39201161101,4,高知市,一宮しなね一丁目,0,,,919,435,484,392
39201161102,4,高知市,一宮しなね二丁目,0,,,561,247,314,248
392011612,3,高知市,一宮東町,0,,,4972,2394,2578,2197
39201161201,4,高知市,一宮東町一丁目,0,,,1267,639,628,522
39201161202,4,高知市,一宮東町二丁目,0,,,764,354,410,340
39201161203,4,高知市,一宮東町三丁目,0,,,683,313,370,318
39201161204,4,高知市,一宮東町四丁目,0,,,819,403,416,385
39201161205,4,高知市,一宮東町五丁目,0,,,1439,685,754,632
392011613,2,高知市,一宮徳谷,0,,,825,403,422,347
392011614,3,高知市,一宮中町,0,,,3307,1614,1693,1575
39201161401,4,高知市,一宮中町一丁目,0,,,1308,633,675,600
39201161402,4,高知市,一宮中町二丁目,0,,,955,481,474,438
39201161403,4,高知市,一宮中町三丁目,0,,,1044,500,544,537
392011615,3,高知市,一宮南町,0,,,1272,591,681,520
39201161501,4,高知市,一宮南町一丁目,0,,,1210,563,647,494
39201161502,4,高知市,一宮南町二丁目,0,,,62,28,34,26
392011616,3,高知市,一宮西町,0,,,3157,1437,1720,1358
39201161601,4,高知市,一宮西町一丁目,0,,,1191,498,693,455
39201161602,4,高知市,一宮西町二丁目,0,,,636,314,322,280
39201161603,4,高知市,一宮西町三丁目,0,,,720,341,379,334
39201161604,4,高知市,一宮西町四丁目,0,,,610,284,326,289
392011617,2,高知市,一宮,0,,,70,29,41,26
392011621,3,高知市,薊野西町,0,,,3243,1499,1744,1679
39201162101,4,高知市,薊野西町一丁目,0,,,1206,571,635,583
39201162102,4,高知市,薊野西町二丁目,0,,,860,386,474,466
39201162103,4,高知市,薊野西町三丁目,0,,,1177,542,635,630
392011622,3,高知市,薊野北町,0,,,3233,1481,1752,1384
39201162201,4,高知市,薊野北町一丁目,0,,,216,104,112,145
39201162202,4,高知市,薊野北町二丁目,0,,,1328,583,745,570
39201162203,4,高知市,薊野北町三丁目,0,,,578,270,308,197
39201162204,4,高知市,薊野北町四丁目,0,,,1111,524,587,472
392011623,2,高知市,薊野東町,0,,,930,451,479,444
392011624,2,高知市,薊野中町,0,,,1293,600,693,569
392011625,2,高知市,薊野南町,0,,,880,425,455,522
392011626,2,高知市,薊野,0,,,163,76,87,68
392011630,2,高知市,重倉,0,,,728,350,378,311
392011640,2,高知市,久礼野,0,,,297,154,143,121
392011650,2,高知市,愛宕山,0,,,1260,589,671,591
392011660,2,高知市,前里,0,,,1202,551,651,561
392011670,2,高知市,東秦泉寺,0,,,1796,831,965,790
392011680,2,高知市,中秦泉寺,0,,,1702,790,912,698
392011690,2,高知市,三園町,0,,,686,312,374,338
392011700,2,高知市,西秦泉寺,0,,,2367,1082,1285,1107
392011710,2,高知市,北秦泉寺,0,,,1740,841,899,770
392011720,2,高知市,宇津野,0,,,1272,601,671,456
392011730,2,高知市,三谷,0,,,43,25,18,21
392011740,2,高知市,七ツ淵,0,,,110,56,54,50
392011750,3,高知市,加賀野井,0,,,1659,756,903,724
39201175001,4,高知市,加賀野井一丁目,0,,,726,323,403,328
39201175002,4,高知市,加賀野井二丁目,0,,,933,433,500,396
392011760,2,高知市,愛宕山南町,0,,,790,375,415,398
392011770,3,高知市,秦南町,0,,,1878,923,955,1059
39201177001,4,高知市,秦南町一丁目,0,,,951,500,451,619
39201177002,4,高知市,秦南町二丁目,0,,,927,423,504,440
392011780,2,高知市,東久万,0,,,783,355,428,333
392011790,2,高知市,中久万,0,,,1057,492,565,459
392011800,2,高知市,西久万,0,,,1585,758,827,686
392011810,2,高知市,南久万,0,,,1815,851,964,769
392011820,2,高知市,万々,0,,,2351,1127,1224,958
392011830,2,高知市,中万々,0,,,1857,882,975,838
392011840,2,高知市,南万々,0,,,1477,680,797,753
392011850,2,高知市,柴巻,0,,,21,11,10,7
392011860,2,高知市,円行寺,0,,,521,206,315,190
392011870,3,高知市,一ツ橋町,0,,,1312,614,698,573
39201187001,4,高知市,一ツ橋町一丁目,0,,,570,257,313,270
39201187002,4,高知市,一ツ橋町二丁目,0,,,742,357,385,303
392011881,2,高知市,朝倉横町,0,,,1398,690,708,742
392011882,2,高知市,朝倉南町,0,,,759,396,363,423
392011884,2,高知市,朝倉東町,0,,,1296,637,659,771
392011885,2,高知市,朝倉甲,0,,,2646,1275,1371,1236
392011890,2,高知市,朝倉乙,0,,,105,50,55,55
392011900,2,高知市,朝倉丙,0,,,6182,2995,3187,2892
392011911,2,高知市,針木西,0,,,135,70,65,54
392011912,2,高知市,朝倉丁,0,,,916,448,468,459
392011921,2,高知市,槇山町,0,,,263,147,116,131
392011922,2,高知市,針木東町,0,,,1107,520,587,456
392011923,2,高知市,大谷公園町,0,,,996,476,520,440
392011925,3,高知市,朝倉西町,0,,,1820,895,925,935
39201192501,4,高知市,朝倉西町一丁目,0,,,918,465,453,474
39201192502,4,高知市,朝倉西町二丁目,0,,,902,430,472,461
392011926,3,高知市,針木北,0,,,712,335,377,241
39201192601,4,高知市,針木北一丁目,0,,,550,255,295,169
39201192602,4,高知市,針木北二丁目,0,,,162,80,82,72
392011927,2,高知市,針木本町,0,,,969,470,499,437
392011928,2,高知市,針木南,0,,,262,123,139,110
392011929,2,高知市,朝倉戊,0,,,278,143,135,139
392011930,2,高知市,朝倉己,0,,,3553,1649,1904,1543
392011940,2,高知市,宗安寺,0,,,184,88,96,70
392011950,2,高知市,行川,0,,,205,116,89,84
392011960,2,高知市,針原,0,,,28,13,15,11
392011970,2,高知市,上里,0,,,29,12,17,14
392011980,2,高知市,領家,0,,,65,34,31,29
392011990,2,高知市,唐岩,0,,,11,5,6,6
392012000,3,高知市,曙町,0,,,1539,675,864,905
39201200001,4,高知市,曙町一丁目,0,,,1434,633,801,837
39201200002,4,高知市,曙町二丁目,0,,,105,42,63,68
392012010,3,高知市,朝倉本町,0,,,1513,705,808,774
39201201001,4,高知市,朝倉本町一丁目,0,,,914,433,481,469
39201201002,4,高知市,朝倉本町二丁目,0,,,599,272,327,305
392012020,2,高知市,若草町,0,,,1564,714,850,858
392012030,2,高知市,若草南町,0,,,585,262,323,329
392012040,2,高知市,鵜来巣,0,,,422,196,226,237
392012051,2,高知市,鴨部上町,0,,,497,240,257,299
392012052,3,高知市,鴨部,0,,,4354,1995,2359,2273
39201205201,4,高知市,鴨部一丁目,0,,,1697,743,954,877
39201205202,4,高知市,鴨部二丁目,0,,,1202,521,681,601
39201205203,4,高知市,鴨部三丁目,0,,,1455,731,724,795
392012053,2,高知市,鴨部,0,,,3342,1555,1787,1546
392012060,3,高知市,神田,0,,,17170,8128,9042,7548
39201206000,4,高知市,神田（その一）,0,,,11761,5614,6147,5194
39201206001,4,高知市,神田（その二）,0,,,5409,2514,2895,2354
392012070,2,高知市,鴨部高町,0,,,473,217,256,314
392012080,3,高知市,長浜,0,,,8645,4049,4596,3718
39201208000,4,高知市,長浜（その一）,0,,,5217,2422,2795,2273
39201208001,4,高知市,長浜（その二）,0,,,3428,1627,1801,1445
392012090,2,高知市,横浜,0,,,1548,734,814,633
392012101,3,高知市,瀬戸,0,,,710,322,388,312
39201210101,4,高知市,瀬戸一丁目,0,,,64,36,28,35
39201210102,4,高知市,瀬戸二丁目,0,,,646,286,360,277
392012102,2,高知市,瀬戸,0,,,2,1,1,1
392012110,3,高知市,瀬戸西町,0,,,1588,710,878,686
39201211001,4,高知市,瀬戸西町一丁目,0,,,688,304,384,304
39201211002,4,高知市,瀬戸西町二丁目,0,,,527,225,302,234
39201211003,4,高知市,瀬戸西町三丁目,0,,,373,181,192,148
392012120,3,高知市,瀬戸東町,0,,,2086,972,1114,862
39201212001,4,高知市,瀬戸東町一丁目,0,,,263,119,144,113
39201212002,4,高知市,瀬戸東町二丁目,0,,,656,304,352,279
39201212003,4,高知市,瀬戸東町三丁目,0,,,1167,549,618,470
392012130,2,高知市,長浜宮田,0,,,150,95,55,93
392012140,3,高知市,横浜新町,0,,,4324,1993,2331,1863
39201214001,4,高知市,横浜新町一丁目,0,,,765,336,429,360
39201214002,4,高知市,横浜新町二丁目,0,,,1196,538,658,532
39201214003,4,高知市,横浜新町三丁目,0,,,984,468,516,395
39201214004,4,高知市,横浜新町四丁目,0,,,640,302,338,274
39201214005,4,高知市,横浜新町五丁目,0,,,739,349,390,302
392012150,2,高知市,御畳瀬,0,,,277,129,148,153
392012160,2,高知市,浦戸,0,,,787,355,432,362
392012170,2,高知市,大津甲,0,,,2593,1218,1375,1092
392012180,2,高知市,大津乙,0,,,8366,4019,4347,3864
392012190,2,高知市,介良甲,0,,,463,216,247,205
392012200,2,高知市,介良乙,0,,,6793,3171,3622,2971
392012210,2,高知市,介良丙,0,,,381,180,201,184
392012220,2,高知市,介良,0,,,1643,734,909,749
392012230,3,高知市,潮見台,0,,,2976,1451,1525,1175
39201223001,4,高知市,潮見台一丁目,0,,,1236,607,629,490
39201223002,4,高知市,潮見台二丁目,0,,,1098,546,552,425
39201223003,4,高知市,潮見台三丁目,0,,,642,298,344,260
392012240,2,高知市,浦戸湾の全域,0,,,-,-,-,-
392012250,3,高知市,瀬戸南町,0,,,2254,1096,1158,931
39201225001,4,高知市,瀬戸南町一丁目,0,,,1108,547,561,486
39201225002,4,高知市,瀬戸南町二丁目,0,,,1146,549,597,445
392012260,2,高知市,横浜東町,0,,,530,231,299,170
392012270,2,高知市,横浜西町,0,,,1442,657,785,614
392012280,3,高知市,みづき,0,,,2718,1302,1416,999
39201228001,4,高知市,みづき一丁目,0,,,743,360,383,262
39201228002,4,高知市,みづき二丁目,0,,,945,457,488,370
39201228003,4,高知市,みづき三丁目,0,,,1030,485,545,367
392012290,2,高知市,みづき山,0,,,-,-,-,-
392012300,2,高知市,横浜南町,0,,,369,175,194,132
392012310,3,高知市,長浜蒔絵台,0,,,1916,944,972,588
39201231001,4,高知市,長浜蒔絵台一丁目,0,,,906,431,475,287
39201231002,4,高知市,長浜蒔絵台二丁目,0,,,1010,513,497,301
392012320,2,高知市,高須本町,0,,,407,192,215,205
392012330,2,高知市,高須新木,0,,,405,189,216,232
392012350,2,高知市,高須東町,0,,,854,397,457,408
392012360,2,高知市,高須西町,0,,,237,109,128,116
392012370,2,高知市,高須絶海,0,,,141,72,69,56
392012380,2,高知市,高須大谷,0,,,44,20,24,21
392012390,2,高知市,高須大島,0,,,166,79,87,73
392012400,2,高知市,高須砂地,0,,,39,16,23,17
392012410,2,高知市,鏡柿ノ又,0,,,24,11,13,11
392012420,2,高知市,鏡敷ノ山,0,,,25,12,13,14
392012430,2,高知市,鏡横矢,0,,,33,15,18,23
392012440,2,高知市,鏡吉原,0,,,41,21,20,20
392012450,2,高知市,鏡狩山,0,,,35,14,21,12
392012460,2,高知市,鏡今井,0,,,274,126,148,111
392012470,2,高知市,鏡的渕,0,,,73,35,38,34
392012480,2,高知市,鏡竹奈路,0,,,4,2,2,3
392012490,2,高知市,鏡白岩,0,,,8,4,4,2
392012500,2,高知市,鏡草峰,0,,,58,30,28,27
392012510,2,高知市,鏡大利,0,,,104,45,59,46
392012520,2,高知市,鏡小浜,0,,,221,109,112,78
392012530,2,高知市,鏡大河内,0,,,103,47,56,39
392012540,2,高知市,鏡去坂,0,,,31,16,15,10
392012550,2,高知市,鏡増原,0,,,11,2,9,5
392012560,2,高知市,鏡葛山,0,,,3,1,2,1
392012570,2,高知市,鏡梅ノ木,0,,,49,27,22,21
392012580,2,高知市,鏡小山,0,,,2,1,1,2
392012590,2,高知市,土佐山中切,0,,,63,34,29,26
392012600,2,高知市,土佐山東川,0,,,76,36,40,28
392012610,2,高知市,土佐山高川,0,,,127,56,71,49
392012620,2,高知市,土佐山梶谷,0,,,47,22,25,20
392012630,2,高知市,土佐山西川,0,,,45,23,22,16
392012640,2,高知市,土佐山菖蒲,0,,,98,50,48,39
392012650,2,高知市,土佐山,0,,,117,55,62,45
392012660,2,高知市,土佐山桑尾,0,,,115,57,58,43
392012670,2,高知市,土佐山弘瀬,0,,,114,55,59,52
392012680,2,高知市,土佐山都網,0,,,53,27,26,18
392012690,2,高知市,春野町弘岡上,0,,,1080,503,577,423
392012700,2,高知市,春野町弘岡中,0,,,1116,510,606,494
392012710,2,高知市,春野町弘岡下,0,,,1035,488,547,414
392012720,2,高知市,春野町森山,0,,,757,354,403,305
392012730,2,高知市,春野町仁ノ,0,,,420,195,225,176
392012740,2,高知市,春野町西畑,0,,,356,162,194,143
392012750,2,高知市,春野町西分,0,,,1012,456,556,387
392012760,2,高知市,春野町芳原,0,,,690,308,382,283
392012770,2,高知市,春野町秋山,0,,,699,322,377,263
392012780,2,高知市,春野町甲殿,0,,,335,164,171,155
392012790,2,高知市,春野町東諸木,0,,,997,440,557,392
392012800,2,高知市,春野町西諸木,0,,,218,96,122,94
392012811,3,高知市,春野町南ヶ丘,0,,,3193,1554,1639,1111
39201281101,4,高知市,春野町南ヶ丘一丁目,0,,,292,147,145,94
39201281102,4,高知市,春野町南ヶ丘二丁目,0,,,351,163,188,137
39201281103,4,高知市,春野町南ヶ丘三丁目,0,,,255,120,135,95
39201281104,4,高知市,春野町南ヶ丘四丁目,0,,,410,203,207,135
39201281105,4,高知市,春野町南ヶ丘五丁目,0,,,543,273,270,187
39201281106,4,高知市,春野町南ヶ丘六丁目,0,,,379,179,200,133
39201281107,4,高知市,春野町南ヶ丘七丁目,0,,,699,331,368,236
39201281108,4,高知市,春野町南ヶ丘八丁目,0,,,146,81,65,43
39201281109,4,高知市,春野町南ヶ丘九丁目,0,,,118,57,61,51
392012812,2,高知市,春野町内ノ谷,0,,,400,214,186,144
392012820,2,高知市,春野町平和,0,,,1400,689,711,613
39202,1,室戸市,,0,,,11742,5648,6094,5933
392020010,2,室戸市,浮津,0,,,1656,810,846,893
392020020,2,室戸市,室津,0,,,1607,786,821,775
392020030,2,室戸市,元,0,,,1164,582,582,637
392020040,2,室戸市,領家,0,,,368,173,195,150
392020050,2,室戸市,吉良川町,0,,,1778,851,927,903
392020060,2,室戸市,羽根町,0,,,1616,813,803,733
392020070,2,室戸市,佐喜浜町,0,,,1100,522,578,567
392020080,2,室戸市,室戸岬町,0,,,2453,1111,1342,1275
39203,1,安芸市,,0,,,16243,7754,8489,7307
392030010,3,安芸市,港町,0,,,567,278,289,296
39203001001,4,安芸市,港町一丁目,0,,,207,101,106,105
39203001002,4,安芸市,港町二丁目,0,,,360,177,183,191
392030020,3,安芸市,矢ノ丸,0,,,826,398,428,450
39203002001,4,安芸市,矢ノ丸一丁目,0,,,188,86,102,93
39203002002,4,安芸市,矢ノ丸二丁目,0,,,165,85,80,97
39203002003,4,安芸市,矢ノ丸三丁目,0,,,246,109,137,135
39203002004,4,安芸市,矢ノ丸四丁目,0,,,227,118,109,125
392030030,3,安芸市,本町,0,,,1256,581,675,622
39203003001,4,安芸市,本町一丁目,0,,,275,131,144,145
39203003002,4,安芸市,本町二丁目,0,,,340,150,190,153
39203003003,4,安芸市,本町三丁目,0,,,178,87,91,86
39203003004,4,安芸市,本町四丁目,0,,,215,99,116,109
39203003005,4,安芸市,本町五丁目,0,,,248,114,134,129
392030120,2,安芸市,東浜,0,,,632,316,316,287
392030130,2,安芸市,花園町,0,,,125,59,66,66
392030140,2,安芸市,日ノ出町,0,,,243,121,122,135
392030150,2,安芸市,久世町,0,,,201,92,109,98
392030160,2,安芸市,幸町,0,,,40,23,17,28
392030170,2,安芸市,庄之芝町,0,,,226,106,120,109
392030180,2,安芸市,宝永町,0,,,749,369,380,352
392030190,2,安芸市,染井町,0,,,286,151,135,153
392030200,2,安芸市,寿町,0,,,128,63,65,68
392030210,2,安芸市,清和町,0,,,53,28,25,26
392030220,2,安芸市,千歳町,0,,,234,103,131,123
392030230,2,安芸市,津久茂町,0,,,248,119,129,123
392030240,2,安芸市,西浜,0,,,98,48,50,47
392030250,3,安芸市,黒鳥,0,,,391,183,208,177
39203025001,4,安芸市,黒鳥黒鳥,0,,,283,144,139,122
39203025002,4,安芸市,黒鳥植野,0,,,108,39,69,55
392030260,2,安芸市,桜ケ丘町,0,,,73,32,41,44
392030270,3,安芸市,伊尾木,0,,,1314,632,682,610
39203027001,4,安芸市,伊尾木伊尾木,0,,,931,447,484,434
39203027002,4,安芸市,伊尾木下山,0,,,383,185,198,176
392030280,2,安芸市,川北,0,,,2847,1309,1538,1115
392030290,3,安芸市,東川,0,,,203,93,110,110
39203029001,4,安芸市,東川大井,0,,,14,7,7,9
39203029002,4,安芸市,東川黒瀬,0,,,20,11,9,14
39203029003,4,安芸市,東川古井,0,,,-,-,-,-
39203029004,4,安芸市,東川島,0,,,-,-,-,-
39203029005,4,安芸市,東川奈比賀,0,,,115,50,65,53
39203029006,4,安芸市,東川入河内,0,,,50,23,27,31
39203029007,4,安芸市,東川別役,0,,,4,2,2,3
392030300,3,安芸市,土居,0,,,1833,872,961,764
39203030001,4,安芸市,土居土居,0,,,1530,725,805,635
39203030002,4,安芸市,土居僧津,0,,,303,147,156,129
392030310,2,安芸市,井ノ口,0,,,1814,870,944,785
392030320,3,安芸市,畑山,0,,,134,68,66,74
39203032001,4,安芸市,畑山安芸ノ川,0,,,-,-,-,-
39203032002,4,安芸市,畑山尾川,0,,,48,25,23,25
39203032003,4,安芸市,畑山小谷,0,,,5,3,2,3
39203032004,4,安芸市,畑山畑山,0,,,23,13,10,15
39203032005,4,安芸市,畑山舞川,0,,,-,-,-,-
39203032006,4,安芸市,畑山栃ノ木,0,,,58,27,31,31
392030330,2,安芸市,穴内,0,,,632,304,328,252
392030340,2,安芸市,赤野,0,,,1090,536,554,393
39204,1,南国市,,0,,,46664,22130,24534,19755
392040010,2,南国市,中ノ川,0,,,2,2,-,2
392040020,2,南国市,大改野,0,,,-,-,-,-
392040030,2,南国市,黒滝,0,,,2,2,-,2
392040040,2,南国市,桑ノ川,0,,,3,2,1,2
392040050,2,南国市,上倉,0,,,15,8,7,7
392040060,2,南国市,中谷,0,,,36,20,16,16
392040070,2,南国市,奈路,0,,,199,103,96,90
392040080,2,南国市,成合,0,,,14,6,8,7
392040090,2,南国市,外山,0,,,35,13,22,20
392040100,2,南国市,天行寺,0,,,36,17,19,16
392040110,2,南国市,亀岩,0,,,148,71,77,60
392040120,2,南国市,宍崎,0,,,103,49,54,46
392040130,2,南国市,才谷,0,,,89,44,45,39
392040140,2,南国市,白木谷,0,,,248,106,142,105
392040150,2,南国市,八京,0,,,125,58,67,50
392040160,2,南国市,植野,0,,,310,144,166,144
392040170,2,南国市,久礼田,0,,,1024,505,519,415
392040180,2,南国市,植田,0,,,528,257,271,196
392040190,2,南国市,領石,0,,,271,125,146,125
392040200,2,南国市,岡豊町笠ノ川,0,,,517,244,273,200
392040210,2,南国市,岡豊町八幡,0,,,477,224,253,255
392040220,2,南国市,岡豊町小蓮,0,,,649,315,334,252
392040230,2,南国市,岡豊町定林寺,0,,,241,117,124,112
392040240,2,南国市,岡豊町滝本,0,,,295,145,150,119
392040250,2,南国市,岡豊町蒲原,0,,,850,364,486,416
392040260,2,南国市,岡豊町中島,0,,,859,374,485,290
392040270,2,南国市,岡豊町常通寺島,0,,,302,121,181,94
392040280,2,南国市,岡豊町江村,0,,,23,11,12,11
392040290,2,南国市,岡豊町吉田,0,,,82,43,39,31
392040300,2,南国市,岡豊町小篭,0,,,281,121,160,81
392040310,2,南国市,左右山,0,,,483,256,227,152
392040320,2,南国市,国分,0,,,712,338,374,287
392040330,2,南国市,比江,0,,,383,181,202,144
392040340,2,南国市,三畠,0,,,332,167,165,141
392040350,2,南国市,陣山,0,,,474,229,245,183
392040360,2,南国市,上末松,0,,,430,198,232,165
392040370,2,南国市,下末松,0,,,496,244,252,200
392040380,2,南国市,西山,0,,,381,176,205,157
392040390,2,南国市,廿枝,0,,,292,131,161,128
392040400,2,南国市,東崎,0,,,773,372,401,318
392040410,2,南国市,野中,0,,,-,-,-,-
392040420,2,南国市,小籠,0,,,1308,572,736,485
392040430,3,南国市,日吉町,0,,,321,150,171,161
39204043001,4,南国市,日吉町一丁目,0,,,79,36,43,50
39204043002,4,南国市,日吉町二丁目,0,,,182,88,94,84
39204043003,4,南国市,日吉町三丁目,0,,,60,26,34,27
392040440,3,南国市,駅前町,0,,,1036,508,528,591
39204044001,4,南国市,駅前町一丁目,0,,,221,104,117,116
39204044002,4,南国市,駅前町二丁目,0,,,387,196,191,228
39204044003,4,南国市,駅前町三丁目,0,,,241,113,128,130
39204044004,4,南国市,駅前町四丁目,0,,,168,83,85,110
39204044005,4,南国市,駅前町五丁目,0,,,19,12,7,7
392040450,3,南国市,後免町,0,,,399,196,203,232
39204045001,4,南国市,後免町一丁目,0,,,108,53,55,63
39204045002,4,南国市,後免町二丁目,0,,,116,57,59,75
39204045003,4,南国市,後免町三丁目,0,,,41,19,22,23
39204045004,4,南国市,後免町四丁目,0,,,115,57,58,57
39204045005,4,南国市,後免町,0,,,19,10,9,14
392040460,2,南国市,上野田,0,,,277,145,132,94
392040471,3,南国市,西野田町,0,,,280,121,159,141
39204047101,4,南国市,西野田町一丁目,0,,,113,55,58,57
39204047102,4,南国市,西野田町二丁目,0,,,77,33,44,38
39204047103,4,南国市,西野田町三丁目,0,,,20,6,14,13
39204047104,4,南国市,西野田町四丁目,0,,,70,27,43,33
392040472,2,南国市,下野田,0,,,672,282,390,260
392040480,2,南国市,大埇,0,,,10709,5095,5614,4598
392040490,2,南国市,篠原,0,,,2780,1319,1461,1249
392040500,2,南国市,明見,0,,,437,193,244,170
392040510,2,南国市,伊達野,0,,,103,48,55,44
392040520,2,南国市,包末,0,,,192,95,97,74
392040530,2,南国市,福舟,0,,,225,112,113,88
392040540,2,南国市,金地,0,,,178,83,95,67
392040550,2,南国市,堀ノ内,0,,,188,90,98,72
392040560,2,南国市,立田,0,,,1150,548,602,477
392040570,2,南国市,田村,0,,,935,446,489,402
392040580,2,南国市,物部,0,,,1008,624,384,320
392040590,2,南国市,久枝,0,,,369,171,198,171
392040600,2,南国市,下島,0,,,95,41,54,38
392040610,2,南国市,前浜,0,,,1011,471,540,453
392040620,2,南国市,片山,0,,,511,223,288,221
392040630,2,南国市,里改田,0,,,798,365,433,314
392040640,2,南国市,浜改田,0,,,1236,589,647,517
392040650,2,南国市,稲生,0,,,1470,692,778,594
392040661,3,南国市,緑ケ丘,0,,,3063,1416,1647,1268
39204066101,4,南国市,緑ケ丘一丁目,0,,,1310,572,738,575
39204066102,4,南国市,緑ケ丘二丁目,0,,,759,372,387,303
39204066103,4,南国市,緑ケ丘三丁目,0,,,994,472,522,390
392040662,2,南国市,十市,0,,,1876,913,963,735
392040670,3,南国市,蛍が丘,0,,,-,-,-,-
39204067001,4,南国市,蛍が丘一丁目,0,,,-,-,-,-
39204067002,4,南国市,蛍が丘二丁目,0,,,-,-,-,-
392040680,2,南国市,双葉台,0,,,-,-,-,-
392040690,3,南国市,東山町,0,,,548,283,265,304
39204069001,4,南国市,東山町一丁目,0,,,187,104,83,125
39204069002,4,南国市,東山町二丁目,0,,,164,86,78,81
39204069003,4,南国市,東山町三丁目,0,,,197,93,104,98
392040700,3,南国市,幸町,0,,,376,180,196,238
39204070001,4,南国市,幸町一丁目,0,,,129,71,58,103
39204070002,4,南国市,幸町二丁目,0,,,116,53,63,69
39204070003,4,南国市,幸町三丁目,0,,,131,56,75,66
392040710,3,南国市,三和琴平,0,,,-,-,-,-
39204071001,4,南国市,三和琴平一丁目,0,,,-,-,-,-
39204071002,4,南国市,三和琴平二丁目,0,,,-,-,-,-
39204071003,4,南国市,三和琴平三丁目,0,,,-,-,-,-
392040720,2,南国市,蔵福寺島,0,,,40,21,19,15
392040730,3,南国市,元町,0,,,257,106,151,139
39204073001,4,南国市,元町一丁目,0,,,87,37,50,50
39204073002,4,南国市,元町二丁目,0,,,88,35,53,48
39204073003,4,南国市,元町三丁目,0,,,82,34,48,41
392040740,3,南国市,小籠（一～二）,0,,,296,129,167,145
39204074001,4,南国市,小籠（一～二）一丁目,0,,,131,57,74,67
39204074002,4,南国市,小籠（一～二）二丁目,0,,,165,72,93,78
39205,1,土佐市,,0,,,25732,12384,13348,10196
392050010,2,土佐市,宇佐町宇佐,0,,,3433,1667,1766,1491
392050020,2,土佐市,宇佐町福島,0,,,100,42,58,47
392050030,2,土佐市,宇佐町井尻,0,,,231,123,108,107
392050040,2,土佐市,宇佐町竜,0,,,232,167,65,58
392050050,2,土佐市,新居,0,,,1498,744,754,491
392050060,2,土佐市,中島,0,,,302,146,156,132
392050070,2,土佐市,塚地,0,,,388,172,216,153
392050080,2,土佐市,用石,0,,,759,363,396,293
392050100,3,土佐市,高岡町,0,,,10403,4923,5480,4218
39205010001,4,土佐市,高岡町甲,0,,,3754,1722,2032,1477
39205010002,4,土佐市,高岡町乙,0,,,4440,2122,2318,1846
39205010003,4,土佐市,高岡町丙,0,,,1476,731,745,604
39205010004,4,土佐市,高岡町丁,0,,,733,348,385,291
392050130,2,土佐市,蓮池,0,,,3528,1698,1830,1323
392050140,2,土佐市,波介,0,,,1055,516,539,383
392050150,2,土佐市,出間,0,,,303,144,159,109
392050160,2,土佐市,岩戸,0,,,203,91,112,77
392050170,2,土佐市,北地,0,,,666,313,353,245
392050180,2,土佐市,甲原,0,,,403,193,210,157
392050190,2,土佐市,福田,0,,,7,4,3,3
392050200,2,土佐市,谷地,0,,,72,31,41,27
392050210,2,土佐市,市野々,0,,,326,159,167,130
392050220,2,土佐市,鷹ノ巣,0,,,81,39,42,34
392050230,2,土佐市,家俊,0,,,679,327,352,313
392050240,2,土佐市,積善寺,0,,,131,70,61,48
392050250,2,土佐市,永野,0,,,218,107,111,89
392050260,2,土佐市,宮ノ内,0,,,145,71,74,49
392050270,2,土佐市,本村,0,,,145,74,71,47
392050280,2,土佐市,太郎丸,0,,,159,76,83,71
392050290,2,土佐市,西鴨地,0,,,43,17,26,18
392050300,2,土佐市,東鴨地,0,,,65,33,32,26
392050310,2,土佐市,浅井,0,,,157,74,83,57
39206,1,須崎市,,0,,,20590,10068,10522,8710
392060010,2,須崎市,山手町,0,,,710,347,363,327
392060020,2,須崎市,大間西町,0,,,227,129,98,128
392060030,2,須崎市,大間本町,0,,,636,302,334,323
392060040,2,須崎市,大間東町,0,,,168,94,74,91
392060050,2,須崎市,潮田町,0,,,-,-,-,-
392060060,2,須崎市,赤崎町,0,,,446,237,209,164
392060070,2,須崎市,緑町,0,,,410,212,198,194
392060080,2,須崎市,西崎町,0,,,552,291,261,317
392060090,2,須崎市,妙見町,0,,,716,332,384,327
392060100,2,須崎市,土崎町,0,,,114,57,57,44
392060110,3,須崎市,原町,0,,,413,191,222,210
39206011001,4,須崎市,原町一丁目,0,,,238,100,138,115
39206011002,4,須崎市,原町二丁目,0,,,175,91,84,95
392060120,2,須崎市,港町,0,,,11,6,5,8
392060130,3,須崎市,新町,0,,,238,113,125,119
39206013001,4,須崎市,新町一丁目,0,,,190,89,101,88
39206013002,4,須崎市,新町二丁目,0,,,48,24,24,31
392060140,3,須崎市,浜町,0,,,336,167,169,170
39206014001,4,須崎市,浜町一丁目,0,,,118,60,58,63
39206014002,4,須崎市,浜町二丁目,0,,,218,107,111,107
392060150,2,須崎市,青木町,0,,,115,53,62,56
392060160,2,須崎市,鍛冶町,0,,,112,51,61,56
392060170,2,須崎市,東古市町,0,,,166,80,86,76
392060180,2,須崎市,南古市町,0,,,279,140,139,142
392060190,2,須崎市,西古市町,0,,,131,61,70,55
392060200,2,須崎市,東糺町,0,,,148,72,76,72
392060210,2,須崎市,西糺町,0,,,374,178,196,182
392060220,2,須崎市,泉町,0,,,293,135,158,143
392060230,2,須崎市,栄町,0,,,193,97,96,89
392060240,2,須崎市,横町,0,,,249,111,138,84
392060250,2,須崎市,幸町,0,,,193,86,107,101
392060260,3,須崎市,中町,0,,,403,173,230,172
39206026001,4,須崎市,中町一丁目,0,,,288,122,166,110
39206026002,4,須崎市,中町二丁目,0,,,115,51,64,62
392060270,3,須崎市,西町,0,,,441,208,233,219
39206027001,4,須崎市,西町一丁目,0,,,302,145,157,148
39206027002,4,須崎市,西町二丁目,0,,,139,63,76,71
392060280,2,須崎市,多ノ郷,0,,,1647,768,879,653
392060281,2,須崎市,桐間西,0,,,89,53,36,47
392060290,2,須崎市,多ノ郷新,0,,,549,272,277,225
392060300,2,須崎市,池ノ内,0,,,532,261,271,231
392060310,2,須崎市,神田,0,,,695,349,346,298
392060311,2,須崎市,桐間東,0,,,27,15,12,11
392060312,2,須崎市,桐間南,0,,,192,72,120,20
392060320,2,須崎市,押岡,0,,,335,163,172,128
392060330,2,須崎市,久通,0,,,46,22,24,27
392060340,2,須崎市,野見,0,,,259,134,125,126
392060350,2,須崎市,大谷,0,,,646,328,318,292
392060360,2,須崎市,下分,0,,,1132,552,580,456
392060370,2,須崎市,安和,0,,,698,332,366,283
392060380,2,須崎市,上分,0,,,1179,524,655,418
392060390,2,須崎市,吾桑,0,,,1795,855,940,740
392060400,2,須崎市,浦ノ内,0,,,2695,1445,1250,886
392060420,2,須崎市,須崎港,0,,,-,-,-,-
39208,1,宿毛市,,0,,,19033,8914,10119,8508
392080010,2,宿毛市,桜町,0,,,141,63,78,79
392080020,2,宿毛市,与市明,0,,,241,120,121,121
392080030,2,宿毛市,萩原,0,,,273,103,170,136
392080040,2,宿毛市,長田町,0,,,202,93,109,121
392080050,2,宿毛市,幸町,0,,,313,166,147,150
392080060,2,宿毛市,松田町,0,,,225,110,115,110
392080070,2,宿毛市,高砂,0,,,757,363,394,396
392080080,2,宿毛市,片島,0,,,1035,462,573,491
392080090,2,宿毛市,大島,0,,,429,205,224,213
392080100,3,宿毛市,西町,0,,,1021,485,536,474
39208010001,4,宿毛市,西町一丁目,0,,,316,132,184,160
39208010002,4,宿毛市,西町二丁目,0,,,212,106,106,97
39208010003,4,宿毛市,西町三丁目,0,,,153,77,76,65
39208010004,4,宿毛市,西町四丁目,0,,,103,58,45,55
39208010005,4,宿毛市,西町五丁目,0,,,237,112,125,97
392080111,3,宿毛市,中央,0,,,1369,610,759,689
39208011101,4,宿毛市,中央一丁目,0,,,152,74,78,67
39208011102,4,宿毛市,中央二丁目,0,,,176,77,99,86
39208011103,4,宿毛市,中央三丁目,0,,,165,83,82,82
39208011104,4,宿毛市,中央四丁目,0,,,164,68,96,80
39208011105,4,宿毛市,中央五丁目,0,,,112,43,69,63
39208011106,4,宿毛市,中央六丁目,0,,,197,80,117,110
39208011107,4,宿毛市,中央七丁目,0,,,270,120,150,150
39208011108,4,宿毛市,中央八丁目,0,,,133,65,68,51
392080113,2,宿毛市,南沖須賀,0,,,30,10,20,16
392080114,3,宿毛市,駅前町,0,,,148,77,71,77
39208011401,4,宿毛市,駅前町一丁目,0,,,98,53,45,52
39208011402,4,宿毛市,駅前町二丁目,0,,,50,24,26,25
392080115,3,宿毛市,宿毛,0,,,484,224,260,240
39208011509,4,宿毛市,宿毛新田,0,,,439,200,239,220
39208011510,4,宿毛市,宿毛,0,,,45,24,21,20
39208011511,4,宿毛市,宿毛金比羅山,0,,,-,-,-,-
392080120,2,宿毛市,市島,0,,,-,-,-,-
392080130,2,宿毛市,藻津,0,,,231,119,112,93
392080140,2,宿毛市,宇須々木,0,,,257,115,142,93
392080151,3,宿毛市,港南台,0,,,596,282,314,220
39208015101,4,宿毛市,港南台一丁目,0,,,328,156,172,116
39208015102,4,宿毛市,港南台二丁目,0,,,268,126,142,104
392080152,2,宿毛市,樺,0,,,37,16,21,18
392080160,2,宿毛市,池島,0,,,74,40,34,38
392080171,2,宿毛市,自由ケ丘,0,,,291,136,155,128
392080172,2,宿毛市,大深浦,0,,,234,116,118,98
392080180,2,宿毛市,山北,0,,,85,36,49,39
392080190,3,宿毛市,二ノ宮,0,,,480,212,268,198
39208019001,4,宿毛市,二ノ宮高石,0,,,87,44,43,35
39208019002,4,宿毛市,二ノ宮平井,0,,,84,41,43,36
39208019003,4,宿毛市,二ノ宮二宮,0,,,309,127,182,127
392080200,2,宿毛市,野地,0,,,113,54,59,51
392080210,2,宿毛市,草木藪,0,,,9,6,3,8
392080221,2,宿毛市,西片島,0,,,112,63,49,55
392080222,2,宿毛市,小深浦,0,,,164,78,86,58
392080231,3,宿毛市,四季の丘,0,,,489,235,254,181
39208023101,4,宿毛市,四季の丘一丁目,0,,,202,91,111,78
39208023102,4,宿毛市,四季の丘二丁目,0,,,287,144,143,103
392080232,2,宿毛市,錦,0,,,210,107,103,86
392080240,2,宿毛市,中角,0,,,132,63,69,48
392080250,2,宿毛市,和田,0,,,587,263,324,278
392080261,2,宿毛市,さくらが丘,0,,,260,132,128,107
392080262,2,宿毛市,押ノ川,0,,,528,244,284,155
392080270,2,宿毛市,坂ノ下,0,,,277,135,142,142
392080280,2,宿毛市,橋上町出井,0,,,7,4,3,4
392080290,2,宿毛市,橋上町楠山,0,,,53,33,20,28
392080300,2,宿毛市,橋上町還住藪,0,,,4,2,2,3
392080310,2,宿毛市,橋上町京法,0,,,-,-,-,-
392080320,2,宿毛市,橋上町坂本,0,,,64,36,28,26
392080330,2,宿毛市,橋上町神有,0,,,106,51,55,48
392080340,2,宿毛市,橋上町奥奈路,0,,,69,28,41,35
392080350,2,宿毛市,橋上町橋上,0,,,209,89,120,99
392080360,2,宿毛市,橋上町平野,0,,,102,44,58,30
392080370,2,宿毛市,山奈町山田,0,,,1072,530,542,471
392080380,2,宿毛市,山奈町芳奈,0,,,320,166,154,158
392080390,2,宿毛市,平田町中山,0,,,158,72,86,46
392080401,3,宿毛市,平田町東平,0,,,341,161,180,129
39208040101,4,宿毛市,平田町東平一丁目,0,,,333,157,176,125
39208040102,4,宿毛市,平田町東平二丁目,0,,,8,4,4,4
392080402,2,宿毛市,平田町戸内,0,,,1529,674,855,596
392080410,2,宿毛市,平田町黒川,0,,,192,86,106,79
392080420,2,宿毛市,小筑紫町都賀川,0,,,14,8,6,7
392080430,2,宿毛市,小筑紫町田ノ浦,0,,,253,117,136,111
392080440,2,宿毛市,小筑紫町内外ノ浦,0,,,221,106,115,110
392080450,2,宿毛市,小筑紫町呼崎,0,,,46,24,22,25
392080460,2,宿毛市,小筑紫町湊,0,,,91,41,50,43
392080470,2,宿毛市,小筑紫町大海,0,,,245,120,125,111
392080480,2,宿毛市,小筑紫町伊与野,0,,,294,136,158,131
392080490,2,宿毛市,小筑紫町小筑紫,0,,,283,129,154,142
392080500,2,宿毛市,小筑紫町福良,0,,,282,117,165,90
392080510,2,宿毛市,小筑紫町石原,0,,,73,33,40,33
392080520,2,宿毛市,小筑紫町栄喜,0,,,297,136,161,151
392080530,3,宿毛市,沖の島町鵜来島,0,,,23,10,13,16
39208053001,4,宿毛市,沖の島町鵜来島,0,,,23,10,13,16
39208053002,4,宿毛市,沖の島町鵜来島姫島,0,,,-,-,-,-
392080540,2,宿毛市,沖の島町母島,0,,,50,24,26,32
392080550,2,宿毛市,沖の島町弘瀬,0,,,69,33,36,39
392080560,2,宿毛市,宿毛湾港,0,,,-,-,-,-
392080570,2,宿毛市,貝塚,0,,,641,313,328,266
392080580,2,宿毛市,新港,0,,,29,12,17,12
392080590,3,宿毛市,駅東町,0,,,62,36,26,30
39208059001,4,宿毛市,駅東町一丁目,0,,,14,8,6,5
39208059002,4,宿毛市,駅東町二丁目,0,,,5,2,3,2
39208059003,4,宿毛市,駅東町三丁目,0,,,-,-,-,-
39208059004,4,宿毛市,駅東町四丁目,0,,,39,24,15,22
39208059005,4,宿毛市,駅東町,0,,,4,2,2,1
39209,1,土佐清水市,,0,,,12388,5842,6546,6179
392090010,2,土佐清水市,立石,0,,,49,23,26,22
392090020,2,土佐清水市,布,0,,,276,118,158,165
392090030,3,土佐清水市,下ノ加江,0,,,906,432,474,457
39209003001,4,土佐清水市,下ノ加江市野瀬,0,,,55,26,29,32
39209003002,4,土佐清水市,下ノ加江市野々,0,,,96,44,52,47
39209003003,4,土佐清水市,下ノ加江長野,0,,,108,58,50,56
39209003004,4,土佐清水市,下ノ加江大川内,0,,,3,1,2,3
39209003005,4,土佐清水市,下ノ加江小方,0,,,114,50,64,52
39209003006,4,土佐清水市,下ノ加江船場,0,,,91,47,44,41
39209003007,4,土佐清水市,下ノ加江下浦,0,,,439,206,233,226
392090040,2,土佐清水市,鍵掛,0,,,53,25,28,30
392090050,2,土佐清水市,久百々,0,,,55,31,24,31
392090061,3,土佐清水市,三崎浦,0,,,393,173,220,201
39209006101,4,土佐清水市,三崎浦一丁目,0,,,50,24,26,27
39209006102,4,土佐清水市,三崎浦二丁目,0,,,102,40,62,53
39209006103,4,土佐清水市,三崎浦三丁目,0,,,155,65,90,80
39209006104,4,土佐清水市,三崎浦四丁目,0,,,86,44,42,41
392090062,3,土佐清水市,三崎,0,,,278,135,143,139
39209006201,4,土佐清水市,三崎,0,,,4,2,2,2
39209006202,4,土佐清水市,三崎下ノ段,0,,,165,82,83,82
39209006203,4,土佐清水市,三崎平ノ段,0,,,108,51,57,54
39209006204,4,土佐清水市,三崎竜串,0,,,1,-,1,1
392090070,2,土佐清水市,爪白,0,,,83,42,41,46
392090080,2,土佐清水市,上野,0,,,138,65,73,74
392090090,2,土佐清水市,斧積,0,,,89,38,51,47
392090100,3,土佐清水市,下益野,0,,,280,139,141,142
39209010001,4,土佐清水市,下益野下益野,0,,,238,121,117,119
39209010002,4,土佐清水市,下益野浜益野,0,,,42,18,24,23
392090110,3,土佐清水市,下川口,0,,,367,185,182,201
39209011001,4,土佐清水市,下川口下川口郷,0,,,202,99,103,117
39209011002,4,土佐清水市,下川口下川口浦,0,,,165,86,79,84
392090120,2,土佐清水市,片粕,0,,,22,9,13,13
392090130,3,土佐清水市,貝ノ川,0,,,152,70,82,87
39209013001,4,土佐清水市,貝ノ川郷北部,0,,,83,40,43,45
39209013002,4,土佐清水市,貝ノ川浦北部,0,,,50,20,30,30
39209013003,4,土佐清水市,貝ノ川貝ノ川,0,,,-,-,-,-
39209013004,4,土佐清水市,貝ノ川歯朶ノ浦,0,,,9,5,4,5
39209013005,4,土佐清水市,貝ノ川横峯,0,,,10,5,5,7
392090140,3,土佐清水市,大津,0,,,59,28,31,43
39209014001,4,土佐清水市,大津,0,,,49,26,23,34
39209014002,4,土佐清水市,大津鳥渕,0,,,10,2,8,9
392090150,3,土佐清水市,宗呂甲,0,,,9,6,3,6
39209015001,4,土佐清水市,宗呂甲藤ノ川,0,,,9,6,3,6
39209015002,4,土佐清水市,宗呂甲鉾ノ平,0,,,-,-,-,-
392090160,2,土佐清水市,宗呂乙,0,,,13,6,7,6
392090170,3,土佐清水市,宗呂丙,0,,,243,124,119,126
39209017001,4,土佐清水市,宗呂丙木ノ辻,0,,,-,-,-,-
39209017002,4,土佐清水市,宗呂丙松山,0,,,2,1,1,1
39209017003,4,土佐清水市,宗呂丙木ノ川,0,,,1,1,-,1
39209017004,4,土佐清水市,宗呂丙宗呂上,0,,,127,65,62,63
39209017005,4,土佐清水市,宗呂丙宗呂下,0,,,113,57,56,61
39209017006,4,土佐清水市,宗呂丙宗呂,0,,,-,-,-,-
392090180,3,土佐清水市,有永,0,,,14,6,8,9
39209018001,4,土佐清水市,有永有永,0,,,9,4,5,5
39209018002,4,土佐清水市,有永珠々玉,0,,,5,2,3,4
392090190,2,土佐清水市,大岐,0,,,272,132,140,144
392090200,2,土佐清水市,以布利,0,,,611,275,336,227
392090210,2,土佐清水市,窪津,0,,,388,192,196,198
392090220,2,土佐清水市,津呂,0,,,153,70,83,76
392090230,2,土佐清水市,大谷,0,,,66,27,39,32
392090240,2,土佐清水市,足摺岬,0,,,503,226,277,266
392090250,2,土佐清水市,松尾,0,,,290,130,160,174
392090260,2,土佐清水市,中浜,0,,,461,222,239,244
392090270,2,土佐清水市,大浜,0,,,163,76,87,101
392090280,2,土佐清水市,浦尻北部,0,,,70,30,40,34
392090290,2,土佐清水市,浦尻,0,,,353,170,183,197
392090300,2,土佐清水市,厚生町,0,,,39,17,22,18
392090310,2,土佐清水市,清水,0,,,-,-,-,-
392090320,2,土佐清水市,グリーンハイツ,0,,,912,439,473,381
392090330,3,土佐清水市,加久見,0,,,394,182,212,173
39209033001,4,土佐清水市,加久見加久見,0,,,198,94,104,97
39209033002,4,土佐清水市,加久見松崎,0,,,166,70,96,58
39209033003,4,土佐清水市,加久見広畑,0,,,30,18,12,18
392090340,2,土佐清水市,横道,0,,,13,4,9,10
392090350,2,土佐清水市,加久見新町,0,,,71,35,36,36
392090360,2,土佐清水市,加久見入沢町,0,,,117,60,57,61
392090370,2,土佐清水市,養老,0,,,109,55,54,70
392090380,2,土佐清水市,戎町,0,,,112,58,54,60
392090390,2,土佐清水市,市場町,0,,,141,66,75,78
392090400,2,土佐清水市,本町,0,,,154,75,79,79
392090410,2,土佐清水市,栄町,0,,,244,111,133,116
392090420,2,土佐清水市,寿町,0,,,127,60,67,66
392090430,2,土佐清水市,小江町,0,,,174,93,81,102
392090440,2,土佐清水市,浜町,0,,,74,37,37,40
392090450,2,土佐清水市,汐見町,0,,,439,207,232,233
392090460,2,土佐清水市,西町,0,,,5,2,3,4
392090470,2,土佐清水市,越前町,0,,,302,133,169,125
392090480,2,土佐清水市,幸町,0,,,154,71,83,82
392090490,2,土佐清水市,天神町,0,,,294,115,179,101
392090500,2,土佐清水市,中央町,0,,,78,37,41,45
392090510,2,土佐清水市,元町,0,,,284,142,142,154
392090520,2,土佐清水市,旭町,0,,,596,287,309,277
392090530,2,土佐清水市,緑ケ丘,0,,,214,100,114,111
392090540,2,土佐清水市,竜串,0,,,190,85,105,98
392090550,2,土佐清水市,清水ヶ丘,0,,,342,166,176,121
39210,1,四万十市,,0,,,32694,15455,17239,14844
392100010,3,四万十市,中村大橋通,0,,,905,442,463,494
39210001001,4,四万十市,中村大橋通一丁目,0,,,82,43,39,40
39210001002,4,四万十市,中村大橋通二丁目,0,,,155,78,77,79
39210001003,4,四万十市,中村大橋通三丁目,0,,,29,13,16,17
39210001004,4,四万十市,中村大橋通四丁目,0,,,84,42,42,45
39210001005,4,四万十市,中村大橋通五丁目,0,,,47,21,26,22
39210001006,4,四万十市,中村大橋通六丁目,0,,,250,115,135,121
39210001007,4,四万十市,中村大橋通七丁目,0,,,258,130,128,170
392100020,2,四万十市,中村百笑町,0,,,182,86,96,96
392100030,2,四万十市,中村山手通,0,,,119,58,61,72
392100040,2,四万十市,中村弥生町,0,,,74,36,38,39
392100050,2,四万十市,中村四万十町,0,,,138,66,72,69
392100060,2,四万十市,中村羽生小路,0,,,130,58,72,74
392100070,2,四万十市,中村東下町,0,,,31,13,18,14
392100080,2,四万十市,中村栄町,0,,,40,13,27,25
392100090,2,四万十市,中村天神橋,0,,,72,29,43,35
392100100,2,四万十市,中村小姓町,0,,,170,68,102,41
392100110,2,四万十市,中村上小姓町,0,,,85,32,53,53
392100120,3,四万十市,中村丸の内,0,,,902,440,462,403
39210012001,4,四万十市,中村丸の内,0,,,260,127,133,109
39210012002,4,四万十市,中村丸の内,0,,,642,313,329,294
392100130,2,四万十市,中村桜町,0,,,150,64,86,87
392100140,2,四万十市,中村愛宕町,0,,,96,35,61,19
392100150,3,四万十市,中村本町,0,,,234,105,129,126
39210015001,4,四万十市,中村本町一丁目,0,,,32,10,22,14
39210015002,4,四万十市,中村本町二丁目,0,,,53,24,29,31
39210015003,4,四万十市,中村本町三丁目,0,,,44,19,25,23
39210015004,4,四万十市,中村本町四丁目,0,,,64,35,29,35
39210015005,4,四万十市,中村本町五丁目,0,,,41,17,24,23
392100160,3,四万十市,中村京町,0,,,274,146,128,156
39210016001,4,四万十市,中村京町一丁目,0,,,52,25,27,23
39210016002,4,四万十市,中村京町二丁目,0,,,49,24,25,23
39210016003,4,四万十市,中村京町三丁目,0,,,81,48,33,61
39210016004,4,四万十市,中村京町四丁目,0,,,69,38,31,36
39210016005,4,四万十市,中村京町五丁目,0,,,23,11,12,13
392100170,3,四万十市,中村一条通,0,,,770,332,438,323
39210017001,4,四万十市,中村一条通一丁目,0,,,85,40,45,43
39210017002,4,四万十市,中村一条通二丁目,0,,,166,64,102,37
39210017003,4,四万十市,中村一条通三丁目,0,,,151,59,92,40
39210017004,4,四万十市,中村一条通四丁目,0,,,123,60,63,67
39210017005,4,四万十市,中村一条通五丁目,0,,,245,109,136,136
392100180,3,四万十市,中村東町,0,,,833,378,455,405
39210018001,4,四万十市,中村東町一丁目,0,,,334,141,193,163
39210018002,4,四万十市,中村東町二丁目,0,,,253,122,131,121
39210018003,4,四万十市,中村東町三丁目,0,,,246,115,131,121
392100190,3,四万十市,中村新町,0,,,290,145,145,171
39210019001,4,四万十市,中村新町一丁目,0,,,78,36,42,48
39210019002,4,四万十市,中村新町二丁目,0,,,23,12,11,17
39210019003,4,四万十市,中村新町三丁目,0,,,23,9,14,10
39210019004,4,四万十市,中村新町四丁目,0,,,115,56,59,64
39210019005,4,四万十市,中村新町五丁目,0,,,51,32,19,32
392100200,2,四万十市,中村於東町,0,,,113,63,50,53
392100210,3,四万十市,町丁字コード0210の計,0,,,2382,1095,1287,1157
39210021001,4,四万十市,右山,0,,,526,218,308,200
39210021002,4,四万十市,右山元町一丁目,0,,,326,170,156,182
39210021003,4,四万十市,右山元町二丁目,0,,,303,150,153,156
39210021004,4,四万十市,右山元町三丁目,0,,,121,60,61,60
39210021005,4,四万十市,駅前町,0,,,424,175,249,190
39210021006,4,四万十市,右山五月町,0,,,334,161,173,195
39210021007,4,四万十市,右山天神町,0,,,348,161,187,174
392100220,3,四万十市,不破,0,,,734,321,413,268
39210022001,4,四万十市,不破,0,,,262,132,130,109
39210022002,4,四万十市,不破出来島,0,,,93,32,61,25
39210022003,4,四万十市,不破緑ヶ丘団地,0,,,379,157,222,134
392100230,2,四万十市,角崎,0,,,88,41,47,41
392100240,2,四万十市,中村,0,,,91,40,51,45
392100250,2,四万十市,中村岩崎町,0,,,132,64,68,65
392100260,2,四万十市,不破上町,0,,,114,60,54,55
392100270,3,四万十市,町丁字コード0270の計,0,,,4743,2310,2433,2042
39210027001,4,四万十市,古津賀,0,,,1912,967,945,814
39210027002,4,四万十市,安並,0,,,1157,530,627,455
39210027003,4,四万十市,佐岡,0,,,135,72,63,68
39210027004,4,四万十市,秋田,0,,,81,37,44,35
39210027005,4,四万十市,麻生,0,,,26,13,13,11
39210027007,4,四万十市,古津賀,0,,,185,84,101,89
39210027008,4,四万十市,古津賀,0,,,741,359,382,332
39210027009,4,四万十市,安並安並団地,0,,,136,64,72,66
39210027010,4,四万十市,佐岡,0,,,370,184,186,172
392100281,3,四万十市,具同田黒,0,,,1360,643,717,601
39210028101,4,四万十市,具同田黒一丁目,0,,,377,188,189,185
39210028102,4,四万十市,具同田黒二丁目,0,,,537,258,279,248
39210028103,4,四万十市,具同田黒三丁目,0,,,446,197,249,168
392100282,3,四万十市,渡川,0,,,1008,492,516,527
39210028201,4,四万十市,渡川一丁目,0,,,278,134,144,136
39210028202,4,四万十市,渡川二丁目,0,,,361,184,177,198
39210028203,4,四万十市,渡川三丁目,0,,,369,174,195,193
392100283,2,四万十市,赤松町,0,,,342,162,180,168
392100284,3,四万十市,町丁字コード0284の計,0,,,4495,2126,2369,1971
39210028401,4,四万十市,入田,0,,,143,70,73,64
39210028402,4,四万十市,入田,0,,,501,237,264,220
39210028403,4,四万十市,具同,0,,,276,137,139,119
39210028405,4,四万十市,具同東ノ丁,0,,,416,195,221,212
39210028406,4,四万十市,具同西ノ丁,0,,,165,80,85,86
39210028407,4,四万十市,具同中組,0,,,1029,502,527,495
39210028408,4,四万十市,具同西組,0,,,442,209,233,196
39210028409,4,四万十市,具同馬越,0,,,166,69,97,74
39210028410,4,四万十市,具同,0,,,129,52,77,3
39210028412,4,四万十市,具同自由ヶ丘団地,0,,,1054,495,559,421
39210028413,4,四万十市,具同相ノ沢,0,,,174,80,94,81
392100290,3,四万十市,町丁字コード0290の計,0,,,1024,500,524,464
39210029001,4,四万十市,江ノ村,0,,,64,32,32,36
39210029002,4,四万十市,森沢,0,,,224,113,111,99
39210029003,4,四万十市,荒川,0,,,67,33,34,36
39210029004,4,四万十市,楠島,0,,,481,235,246,209
39210029005,4,四万十市,国見,0,,,90,41,49,37
39210029006,4,四万十市,間,0,,,62,31,31,32
39210029007,4,四万十市,江ノ村西ノ谷,0,,,36,15,21,15
392100300,3,四万十市,町丁字コード0300の計,0,,,1174,531,643,517
39210030001,4,四万十市,有岡,0,,,502,208,294,214
39210030002,4,四万十市,横瀬,0,,,161,70,91,70
39210030003,4,四万十市,九樹,0,,,48,30,18,26
39210030004,4,四万十市,上ノ土居,0,,,62,29,33,28
39210030005,4,四万十市,磯ノ川,0,,,141,68,73,64
39210030006,4,四万十市,生ノ川,0,,,24,14,10,12
39210030007,4,四万十市,有岡有岡団地,0,,,236,112,124,103
392100310,3,四万十市,町丁字コード0310の計,0,,,1196,585,611,529
39210031001,4,四万十市,坂本,0,,,34,15,19,17
39210031002,4,四万十市,山路,0,,,174,86,88,75
39210031003,4,四万十市,山路,0,,,166,79,87,67
39210031004,4,四万十市,実崎,0,,,141,73,68,63
39210031005,4,四万十市,深木,0,,,93,48,45,41
39210031006,4,四万十市,間崎,0,,,210,96,114,103
39210031007,4,四万十市,津蔵渕,0,,,204,103,101,88
39210031008,4,四万十市,初崎,0,,,71,34,37,30
39210031009,4,四万十市,名鹿,0,,,103,51,52,45
392100320,3,四万十市,町丁字コード0320の計,0,,,2390,1127,1263,1094
39210032001,4,四万十市,井澤,0,,,124,58,66,56
39210032002,4,四万十市,竹島,0,,,468,222,246,198
39210032003,4,四万十市,鍋島,0,,,267,127,140,121
39210032004,4,四万十市,下田馬越,0,,,73,36,37,26
39210032005,4,四万十市,平野,0,,,246,114,132,106
39210032006,4,四万十市,下田松ノ山,0,,,19,10,9,11
39210032007,4,四万十市,下田,0,,,77,34,43,41
39210032008,4,四万十市,下田,0,,,127,60,67,64
39210032009,4,四万十市,下田串江,0,,,250,120,130,131
39210032010,4,四万十市,下田水戸東,0,,,167,74,93,88
39210032011,4,四万十市,下田水戸西,0,,,94,46,48,49
39210032012,4,四万十市,双海,0,,,229,112,117,98
39210032013,4,四万十市,井澤井沢団地,0,,,249,114,135,105
392100330,3,四万十市,町丁字コード0330の計,0,,,844,405,439,357
39210033001,4,四万十市,藤,0,,,68,33,35,33
39210033002,4,四万十市,蕨岡甲,0,,,232,113,119,90
39210033003,4,四万十市,蕨岡甲,0,,,246,115,131,95
39210033004,4,四万十市,蕨岡乙,0,,,200,93,107,93
39210033005,4,四万十市,伊才原,0,,,98,51,47,46
392100340,3,四万十市,町丁字コード0340の計,0,,,1330,627,703,560
39210034001,4,四万十市,利岡,0,,,98,47,51,38
39210034002,4,四万十市,板ノ川,0,,,70,35,35,31
39210034003,4,四万十市,口鴨川,0,,,62,32,30,27
39210034004,4,四万十市,奥鴨川,0,,,10,5,5,6
39210034005,4,四万十市,田野川甲,0,,,109,53,56,52
39210034006,4,四万十市,田野川乙,0,,,108,56,52,41
39210034007,4,四万十市,敷地,0,,,146,71,75,61
39210034008,4,四万十市,岩田,0,,,467,213,254,186
39210034009,4,四万十市,佐田,0,,,178,79,99,82
39210034010,4,四万十市,若藤,0,,,58,25,33,26
39210034011,4,四万十市,奥鴨川,0,,,24,11,13,10
392100350,3,四万十市,町丁字コード0350の計,0,,,517,257,260,256
39210035001,4,四万十市,久保川,0,,,52,23,29,26
39210035002,4,四万十市,勝間,0,,,32,16,16,17
39210035003,4,四万十市,勝間川,0,,,31,16,15,14
39210035004,4,四万十市,鵜ノ江,0,,,52,22,30,28
39210035005,4,四万十市,田出ノ川,0,,,25,14,11,14
39210035006,4,四万十市,高瀬,0,,,26,16,10,17
39210035007,4,四万十市,川登,0,,,137,67,70,65
39210035008,4,四万十市,手洗川,0,,,100,47,53,48
39210035009,4,四万十市,三里,0,,,62,36,26,27
392100360,3,四万十市,町丁字コード0360の計,0,,,661,311,350,287
39210036001,4,四万十市,三ツ又,0,,,27,13,14,13
39210036002,4,四万十市,常六,0,,,49,26,23,23
39210036003,4,四万十市,大屋敷,0,,,65,28,37,29
39210036004,4,四万十市,片魚,0,,,90,40,50,39
39210036005,4,四万十市,住次郎,0,,,65,31,34,25
39210036006,4,四万十市,大用,0,,,232,109,123,86
39210036007,4,四万十市,大西ノ川,0,,,21,11,10,13
39210036008,4,四万十市,小西ノ川,0,,,14,6,8,6
39210036009,4,四万十市,古尾,0,,,16,10,6,9
39210036010,4,四万十市,古尾,0,,,20,11,9,12
39210036011,4,四万十市,竹屋敷,0,,,62,26,36,32
392100370,2,四万十市,西土佐奥屋内,0,,,36,18,18,20
392100380,2,四万十市,西土佐奥屋内,0,,,40,19,21,19
392100390,2,四万十市,西土佐玖木,0,,,23,10,13,14
392100400,2,四万十市,西土佐口屋内,0,,,91,47,44,50
392100410,2,四万十市,西土佐中半,0,,,39,17,22,24
392100420,2,四万十市,西土佐岩間,0,,,77,40,37,38
392100430,2,四万十市,西土佐藤ノ川,0,,,114,56,58,58
392100440,2,四万十市,西土佐橘,0,,,92,45,47,41
392100450,2,四万十市,西土佐津野川,0,,,112,47,65,55
392100460,2,四万十市,西土佐津賀,0,,,68,34,34,22
392100470,2,四万十市,西土佐藪ケ市,0,,,56,28,28,24
392100480,2,四万十市,西土佐須﨑,0,,,82,40,42,38
392100490,2,四万十市,西土佐大宮,0,,,18,8,10,12
392100500,2,四万十市,西土佐大宮,0,,,99,45,54,47
392100510,2,四万十市,西土佐大宮,0,,,96,44,52,47
392100520,2,四万十市,西土佐下家地,0,,,68,29,39,33
392100530,2,四万十市,西土佐中家地,0,,,33,16,17,17
392100540,2,四万十市,西土佐江川﨑,0,,,58,30,28,23
392100550,2,四万十市,西土佐西ケ方,0,,,152,67,85,53
392100560,2,四万十市,西土佐江川﨑,0,,,157,77,80,67
392100570,2,四万十市,西土佐江川﨑,0,,,93,43,50,49
392100580,2,四万十市,西土佐江川﨑,0,,,141,65,76,65
392100590,2,四万十市,西土佐用井,0,,,250,101,149,76
392100600,2,四万十市,西土佐長生,0,,,41,15,26,18
392100610,2,四万十市,西土佐半家,0,,,153,79,74,55
392100620,2,四万十市,西土佐江川,0,,,101,47,54,50
392100630,2,四万十市,西土佐江川,0,,,63,29,34,26
392100640,2,四万十市,西土佐江川,0,,,24,12,12,9
392100650,2,四万十市,西土佐江川,0,,,84,41,43,35
39211,1,香南市,,0,,,32207,15545,16662,13146
392110010,2,香南市,江見町,0,,,465,225,240,238
392110020,2,香南市,本町,0,,,185,81,104,90
392110030,2,香南市,弁天通,0,,,41,23,18,19
392110040,2,香南市,横町,0,,,53,19,34,27
392110050,2,香南市,一本松,0,,,79,34,45,41
392110060,2,香南市,高見,0,,,255,96,159,59
392110070,2,香南市,須留田,0,,,154,75,79,63
392110080,2,香南市,旭町,0,,,40,21,19,16
392110090,2,香南市,南町,0,,,159,75,84,85
392110100,2,香南市,北町,0,,,49,26,23,23
392110110,2,香南市,日の出,0,,,159,73,86,69
392110120,2,香南市,中町,0,,,33,18,15,14
392110130,2,香南市,幸町,0,,,46,18,28,24
392110140,2,香南市,元町,0,,,71,32,39,38
392110150,2,香南市,寿町,0,,,54,31,23,31
392110160,2,香南市,栄町,0,,,61,28,33,35
392110170,2,香南市,松ケ瀬,0,,,249,109,140,139
392110180,2,香南市,別所山,0,,,351,179,172,158
392110190,2,香南市,岸本,0,,,1062,492,570,405
392110200,2,香南市,徳王子,0,,,1072,513,559,415
392110210,2,香南市,山南,0,,,1841,1107,734,590
392110220,2,香南市,山北,0,,,1384,661,723,547
392110230,2,香南市,西川,0,,,314,129,185,135
392110240,2,香南市,東川,0,,,160,75,85,70
392110250,2,香南市,西野,0,,,7169,3404,3765,3011
392110260,2,香南市,東野,0,,,2582,1193,1389,1029
392110270,2,香南市,下井,0,,,1381,679,702,557
392110280,2,香南市,上岡,0,,,132,65,67,57
392110290,2,香南市,東佐古,0,,,1179,579,600,454
392110300,2,香南市,西佐古,0,,,343,165,178,147
392110310,2,香南市,父養寺,0,,,134,70,64,55
392110320,2,香南市,母代寺,0,,,1010,458,552,293
392110330,2,香南市,大谷,0,,,970,478,492,411
392110340,2,香南市,深渕,0,,,229,126,103,116
392110350,2,香南市,中ノ村,0,,,728,346,382,282
392110360,2,香南市,土居,0,,,706,344,362,291
392110370,2,香南市,新宮,0,,,230,114,116,80
392110380,2,香南市,中山田,0,,,81,33,48,33
392110390,2,香南市,兎田,0,,,336,158,178,139
392110400,2,香南市,本村,0,,,399,185,214,154
392110410,3,香南市,みどり野,0,,,835,399,436,341
39211041001,4,香南市,みどり野一丁目,0,,,118,53,65,54
39211041002,4,香南市,みどり野二丁目,0,,,188,88,100,70
39211041003,4,香南市,みどり野三丁目,0,,,246,126,120,98
39211041004,4,香南市,みどり野四丁目,0,,,283,132,151,119
392110420,3,香南市,みどり野東,0,,,639,318,321,252
39211042001,4,香南市,みどり野東一丁目,0,,,190,95,95,86
39211042002,4,香南市,みどり野東二丁目,0,,,324,166,158,116
39211042003,4,香南市,みどり野東三丁目,0,,,125,57,68,50
392110430,2,香南市,手結山,0,,,497,243,254,207
392110440,2,香南市,手結,0,,,333,141,192,147
392110450,2,香南市,千切,0,,,358,169,189,174
392110460,2,香南市,出口,0,,,165,82,83,69
392110470,2,香南市,十ノ木,0,,,77,33,44,31
392110480,2,香南市,上夜須,0,,,247,126,121,104
392110490,2,香南市,夜須川,0,,,164,86,78,86
392110500,2,香南市,国光,0,,,41,20,21,23
392110510,2,香南市,羽尾,0,,,23,10,13,12
392110520,2,香南市,細川,0,,,35,17,18,19
392110530,2,香南市,西山,0,,,508,238,270,204
392110540,2,香南市,坪井,0,,,796,380,416,325
392110550,2,香南市,沢谷,0,,,-,-,-,-
392110560,2,香南市,仲木屋,0,,,-,-,-,-
392110570,2,香南市,吉原,0,,,1035,506,529,512
392110580,2,香南市,古川,0,,,508,240,268,200
39212,1,香美市,,0,,,26513,12848,13665,12033
392120010,3,香美市,百石町,0,,,1264,584,680,507
39212001001,4,香美市,百石町一丁目,0,,,710,317,393,288
39212001002,4,香美市,百石町二丁目,0,,,554,267,287,219
392120030,3,香美市,東本町,0,,,1024,489,535,572
39212003001,4,香美市,東本町一丁目,0,,,198,98,100,106
39212003002,4,香美市,東本町二丁目,0,,,129,51,78,65
39212003003,4,香美市,東本町三丁目,0,,,166,80,86,94
39212003004,4,香美市,東本町四丁目,0,,,185,84,101,96
39212003005,4,香美市,東本町五丁目,0,,,346,176,170,211
392120080,3,香美市,旭町,0,,,1002,478,524,480
39212008001,4,香美市,旭町一丁目,0,,,129,66,63,84
39212008002,4,香美市,旭町二丁目,0,,,210,102,108,112
39212008003,4,香美市,旭町三丁目,0,,,97,43,54,56
39212008004,4,香美市,旭町四丁目,0,,,256,115,141,79
39212008005,4,香美市,旭町五丁目,0,,,310,152,158,149
392120130,3,香美市,西本町,0,,,1107,534,573,472
39212013001,4,香美市,西本町一丁目,0,,,220,109,111,103
39212013002,4,香美市,西本町二丁目,0,,,69,37,32,39
39212013003,4,香美市,西本町三丁目,0,,,169,79,90,87
39212013004,4,香美市,西本町四丁目,0,,,209,121,88,118
39212013005,4,香美市,西本町五丁目,0,,,440,188,252,125
392120180,3,香美市,宝町,0,,,1329,754,575,857
39212018001,4,香美市,宝町一丁目,0,,,287,159,128,196
39212018002,4,香美市,宝町二丁目,0,,,435,245,190,289
39212018003,4,香美市,宝町三丁目,0,,,161,88,73,98
39212018004,4,香美市,宝町四丁目,0,,,342,210,132,226
39212018005,4,香美市,宝町五丁目,0,,,104,52,52,48
392120230,2,香美市,栄町,0,,,578,275,303,255
392120240,3,香美市,秦山町,0,,,1103,492,611,475
39212024001,4,香美市,秦山町一丁目,0,,,370,173,197,178
39212024002,4,香美市,秦山町二丁目,0,,,368,174,194,156
39212024003,4,香美市,秦山町三丁目,0,,,365,145,220,141
392120270,2,香美市,宮前町,0,,,385,204,181,190
392120280,2,香美市,前山,0,,,295,151,144,111
392120300,3,香美市,北本町,0,,,1284,617,667,599
39212030001,4,香美市,北本町一丁目,0,,,410,205,205,202
39212030002,4,香美市,北本町二丁目,0,,,73,32,41,42
39212030003,4,香美市,北本町三丁目,0,,,247,114,133,119
39212030004,4,香美市,北本町上一丁目,0,,,554,266,288,236
392120330,2,香美市,北組西,0,,,1662,790,872,673
392120340,2,香美市,中組,0,,,430,199,231,196
392120350,2,香美市,南組,0,,,693,347,346,313
392120360,3,香美市,古町,0,,,217,111,106,109
39212036001,4,香美市,古町一,0,,,139,78,61,76
39212036002,4,香美市,古町二,0,,,78,33,45,33
392120380,2,香美市,黒土,0,,,121,46,75,69
392120390,2,香美市,県住団地,0,,,259,107,152,121
392120400,3,香美市,大楠植,0,,,2290,1161,1129,1001
39212040001,4,香美市,大楠植内田,0,,,49,19,30,24
39212040002,4,香美市,大楠植談東,0,,,37,14,23,17
39212040003,4,香美市,大楠植中央,0,,,42,18,24,19
39212040004,4,香美市,大楠植談中,0,,,46,22,24,25
39212040005,4,香美市,大楠植談西,0,,,177,97,80,59
39212040006,4,香美市,大楠植平田,0,,,197,101,96,87
39212040007,4,香美市,大楠植中村一,0,,,128,76,52,68
39212040008,4,香美市,大楠植中村二,0,,,144,69,75,57
39212040009,4,香美市,大楠植中村三,0,,,354,193,161,196
39212040010,4,香美市,大楠植中村四,0,,,65,33,32,27
39212040011,4,香美市,大楠植楠目,0,,,467,240,227,169
39212040012,4,香美市,大楠植予岳,0,,,75,37,38,32
39212040013,4,香美市,大楠植油石,0,,,31,15,16,14
39212040014,4,香美市,大楠植前行,0,,,52,25,27,23
39212040015,4,香美市,大楠植植,0,,,385,181,204,163
39212040016,4,香美市,大楠植大法寺,0,,,29,13,16,14
39212040017,4,香美市,大楠植開拓,0,,,12,8,4,7
392120410,3,香美市,明治,0,,,1169,560,609,439
39212041001,4,香美市,明治中野,0,,,254,120,134,103
39212041002,4,香美市,明治岩積,0,,,130,57,73,50
39212041003,4,香美市,明治八王子,0,,,127,61,66,56
39212041004,4,香美市,明治小島,0,,,148,74,74,62
39212041005,4,香美市,明治原東,0,,,138,64,74,52
39212041006,4,香美市,明治原西,0,,,320,163,157,97
39212041007,4,香美市,明治河原,0,,,1,-,1,1
39212041008,4,香美市,明治戸板島,0,,,51,21,30,18
392120420,3,香美市,片地,0,,,2400,1244,1156,1048
39212042001,4,香美市,片地小田島,0,,,57,28,29,25
39212042002,4,香美市,片地下ノ村,0,,,66,29,37,31
39212042003,4,香美市,片地町田,0,,,63,33,30,22
39212042004,4,香美市,片地加茂,0,,,113,56,57,51
39212042005,4,香美市,片地山田島,0,,,107,50,57,54
39212042006,4,香美市,片地林田,0,,,80,35,45,33
39212042007,4,香美市,片地影山,0,,,63,30,33,32
39212042008,4,香美市,片地間,0,,,112,53,59,49
39212042009,4,香美市,片地佐古藪,0,,,203,95,108,88
39212042010,4,香美市,片地舟谷,0,,,134,68,66,60
39212042011,4,香美市,片地宮ノ口,0,,,379,306,73,65
39212042012,4,香美市,片地杉田,0,,,91,42,49,38
39212042013,4,香美市,片地神母ノ木,0,,,764,338,426,428
39212042014,4,香美市,片地逆川,0,,,168,81,87,72
392120430,3,香美市,佐岡,0,,,495,241,254,214
39212043001,4,香美市,佐岡仁井田,0,,,45,23,22,21
39212043002,4,香美市,佐岡佐野,0,,,160,75,85,63
39212043003,4,香美市,佐岡大平,0,,,82,40,42,31
39212043004,4,香美市,佐岡本村,0,,,117,58,59,54
39212043005,4,香美市,佐岡佐竹,0,,,44,24,20,19
39212043006,4,香美市,佐岡有谷,0,,,24,12,12,11
39212043007,4,香美市,佐岡中後入,0,,,-,-,-,-
39212043008,4,香美市,佐岡西後入,0,,,9,2,7,7
39212043009,4,香美市,佐岡大後入,0,,,14,7,7,8
392120440,3,香美市,新改,0,,,857,401,456,359
39212044001,4,香美市,新改久次,0,,,199,87,112,71
39212044002,4,香美市,新改上改田,0,,,96,47,49,35
39212044003,4,香美市,新改須江,0,,,146,72,74,59
39212044004,4,香美市,新改新改,0,,,214,101,113,93
39212044005,4,香美市,新改入野,0,,,28,14,14,13
39212044006,4,香美市,新改曽我部川,0,,,38,18,20,19
39212044007,4,香美市,新改平山,0,,,57,22,35,27
39212044008,4,香美市,新改東川,0,,,79,40,39,42
392120450,3,香美市,岩村,0,,,645,306,339,249
39212045001,4,香美市,岩村松本,0,,,96,44,52,42
39212045002,4,香美市,岩村岩次,0,,,127,57,70,49
39212045003,4,香美市,岩村神通寺,0,,,241,113,128,81
39212045004,4,香美市,岩村京田,0,,,104,54,50,42
39212045005,4,香美市,岩村立石,0,,,77,38,39,35
392120460,3,香美市,繁藤,0,,,235,113,122,110
39212046001,4,香美市,繁藤北滝本,0,,,46,20,26,23
39212046002,4,香美市,繁藤樫谷,0,,,18,9,9,10
39212046003,4,香美市,繁藤上穴内,0,,,-,-,-,-
39212046004,4,香美市,繁藤追廻,0,,,22,11,11,9
39212046005,4,香美市,繁藤繁藤,0,,,57,31,26,29
39212046006,4,香美市,繁藤駅前町,0,,,30,12,18,11
39212046007,4,香美市,繁藤向田,0,,,29,12,17,9
39212046008,4,香美市,繁藤西又,0,,,7,3,4,4
39212046009,4,香美市,繁藤河の川,0,,,26,15,11,15
392120470,2,香美市,橋川野,0,,,34,17,17,17
392120480,2,香美市,太郎丸,0,,,171,81,90,65
392120490,2,香美市,下野尻,0,,,334,169,165,134
392120500,2,香美市,美良布,0,,,1173,524,649,448
392120510,2,香美市,韮生野,0,,,534,248,286,229
392120520,2,香美市,小川,0,,,107,44,63,47
392120530,2,香美市,吉野,0,,,139,73,66,66
392120540,2,香美市,大谷,0,,,5,3,2,4
392120550,2,香美市,久保川,0,,,31,15,16,13
392120560,2,香美市,佐敷,0,,,34,17,17,16
392120570,2,香美市,北岩改,0,,,41,22,19,22
392120580,2,香美市,萩野,0,,,38,24,14,18
392120590,2,香美市,南岩改,0,,,72,36,36,34
392120600,2,香美市,河野,0,,,-,-,-,-
392120610,2,香美市,川ノ内,0,,,-,-,-,-
392120620,2,香美市,古井,0,,,-,-,-,-
392120630,2,香美市,有川,0,,,-,-,-,-
392120640,2,香美市,五百蔵,0,,,210,105,105,100
392120650,2,香美市,白川上,0,,,22,12,10,13
392120660,2,香美市,白川下,0,,,38,18,20,19
392120670,2,香美市,有瀬,0,,,69,38,31,33
392120680,2,香美市,西峯,0,,,5,3,2,3
392120690,2,香美市,日ノ御子,0,,,87,45,42,50
392120700,2,香美市,谷相,0,,,104,47,57,52
392120710,2,香美市,猪野々,0,,,134,64,70,69
392120720,2,香美市,永瀬,0,,,22,11,11,11
392120730,2,香美市,蕨野,0,,,18,8,10,11
392120740,2,香美市,清爪,0,,,49,26,23,30
392120750,2,香美市,大束,0,,,1,1,-,1
392120760,2,香美市,横谷,0,,,18,7,11,7
392120770,2,香美市,中谷,0,,,14,4,10,8
392120780,2,香美市,大井平,0,,,17,8,9,9
392120790,2,香美市,梅久保,0,,,33,16,17,17
392120800,2,香美市,白石,0,,,55,29,26,24
392120810,2,香美市,根須,0,,,88,48,40,48
392120820,2,香美市,永野,0,,,341,126,215,118
392120830,2,香美市,朴ノ木,0,,,144,60,84,65
392120840,2,香美市,庄谷相,0,,,20,12,8,12
392120850,2,香美市,拓,0,,,4,1,3,4
392120860,2,香美市,中谷川,0,,,19,10,9,12
392120870,2,香美市,頓定,0,,,34,17,17,13
392120880,2,香美市,大栃,0,,,636,285,351,326
392120890,2,香美市,山崎,0,,,178,93,85,93
392120900,2,香美市,仙頭,0,,,107,50,57,58
392120910,2,香美市,上岡,0,,,-,-,-,-
392120920,2,香美市,舞川,0,,,6,4,2,4
392120930,2,香美市,中津尾,0,,,-,-,-,-
392120940,2,香美市,押谷,0,,,44,16,28,21
392120950,2,香美市,小浜,0,,,15,8,7,8
392120960,2,香美市,根木屋,0,,,19,10,9,14
392120970,2,香美市,岡ノ内,0,,,80,35,45,42
392120980,2,香美市,別役,0,,,3,2,1,3
392120990,2,香美市,市宇,0,,,6,3,3,5
392121000,2,香美市,別府,0,,,34,16,18,21
392121010,2,香美市,久保影,0,,,8,5,3,6
392121020,2,香美市,久保和久保,0,,,3,1,2,1
392121030,2,香美市,久保中内,0,,,2,1,1,2
392121040,2,香美市,久保沼井,0,,,7,3,4,5
392121050,2,香美市,久保安野尾,0,,,5,2,3,2
392121060,2,香美市,久保堂ノ岡,0,,,3,1,2,2
392121070,2,香美市,久保上久保,0,,,2,-,2,2
392121080,2,香美市,久保高井,0,,,17,6,11,10
392121090,2,香美市,大西,0,,,14,6,8,7
392121100,2,香美市,南池,0,,,2,2,-,2
392121110,2,香美市,中上,0,,,-,-,-,-
392121120,2,香美市,笹,0,,,7,4,3,5
392121130,2,香美市,五王堂,0,,,55,26,29,36
392121140,2,香美市,黒代,0,,,19,9,10,12
392121150,2,香美市,安丸,0,,,33,15,18,19
392121160,2,香美市,神池,0,,,24,14,10,14
392121170,2,香美市,楮佐古,0,,,48,23,25,31
392121180,2,香美市,柳瀬,0,,,33,15,18,21
39301,1,東洋町,,0,,,2194,1085,1109,1236
393010010,2,東洋町,大字生見,0,,,128,62,66,59
393010020,2,東洋町,大字河内,0,,,541,263,278,278
393010030,2,東洋町,大字甲浦,0,,,375,195,180,211
393010040,2,東洋町,大字白浜,0,,,329,164,165,176
393010050,2,東洋町,大字野根,0,,,821,401,420,512
39302,1,奈半利町,,0,,,3034,1399,1635,1409
393020010,3,奈半利町,乙,0,,,2644,1211,1433,1212
39302001001,4,奈半利町,乙上長田,0,,,76,32,44,39
39302001002,4,奈半利町,乙下長田,0,,,165,82,83,80
39302001003,4,奈半利町,乙藪田,0,,,291,136,155,161
39302001004,4,奈半利町,乙港町,0,,,61,30,31,31
39302001005,4,奈半利町,乙横町,0,,,96,49,47,53
39302001006,4,奈半利町,乙東町,0,,,59,30,29,26
39302001007,4,奈半利町,乙立町,0,,,158,67,91,80
39302001008,4,奈半利町,乙池里,0,,,7,4,3,3
39302001009,4,奈半利町,乙平山,0,,,-,-,-,-
39302001010,4,奈半利町,乙百石,0,,,91,43,48,43
39302001011,4,奈半利町,乙中里,0,,,146,51,95,51
39302001012,4,奈半利町,乙車瀬,0,,,77,34,43,36
39302001013,4,奈半利町,乙樋ノ口,0,,,181,81,100,83
39302001014,4,奈半利町,乙平松,0,,,259,129,130,119
39302001015,4,奈半利町,乙六本松,0,,,28,12,16,13
39302001016,4,奈半利町,乙弓場,0,,,45,23,22,27
39302001017,4,奈半利町,乙生木,0,,,136,68,68,59
39302001018,4,奈半利町,乙宮ノ岡,0,,,94,20,74,1
39302001019,4,奈半利町,乙法恩寺,0,,,195,94,101,67
39302001020,4,奈半利町,乙一区,0,,,26,13,13,16
39302001021,4,奈半利町,乙二区,0,,,142,64,78,68
39302001022,4,奈半利町,乙三区,0,,,97,47,50,44
39302001023,4,奈半利町,乙四区,0,,,44,21,23,19
39302001024,4,奈半利町,乙五区,0,,,39,21,18,20
39302001025,4,奈半利町,乙六区,0,,,76,32,44,38
39302001026,4,奈半利町,乙七区,0,,,25,10,15,14
39302001027,4,奈半利町,乙八区,0,,,30,18,12,21
393020020,3,奈半利町,甲,0,,,382,184,198,192
39302002001,4,奈半利町,甲宇川山,0,,,-,-,-,-
39302002002,4,奈半利町,甲宇川,0,,,21,9,12,12
39302002003,4,奈半利町,甲平,0,,,45,23,22,23
39302002004,4,奈半利町,甲六本松,0,,,27,11,16,15
39302002005,4,奈半利町,甲須川,0,,,32,18,14,19
39302002006,4,奈半利町,甲久礼岩,0,,,12,4,8,7
39302002007,4,奈半利町,甲大原,0,,,54,28,26,21
39302002008,4,奈半利町,甲加領郷,0,,,191,91,100,95
393020030,2,奈半利町,丙,0,,,8,4,4,5
39303,1,田野町,,0,,,2498,1174,1324,1170
393030010,3,田野町,,0,,,2498,1174,1324,1170
39303001001,4,田野町,芝,0,,,145,62,83,76
39303001002,4,田野町,北町,0,,,76,39,37,39
39303001003,4,田野町,立町,0,,,90,45,45,47
39303001004,4,田野町,西町,0,,,77,30,47,45
39303001005,4,田野町,新町東,0,,,87,39,48,41
39303001006,4,田野町,新町中,0,,,114,60,54,64
39303001007,4,田野町,新町西,0,,,104,43,61,49
39303001008,4,田野町,浜田東,0,,,93,46,47,48
39303001009,4,田野町,浜田中,0,,,218,85,133,84
39303001010,4,田野町,淌涛東,0,,,84,32,52,44
39303001011,4,田野町,淌涛中,0,,,214,112,102,107
39303001012,4,田野町,淌涛西,0,,,163,78,85,80
39303001013,4,田野町,大野,0,,,161,79,82,64
39303001014,4,田野町,北張,0,,,128,70,58,52
39303001016,4,田野町,千福,0,,,193,91,102,83
39303001017,4,田野町,上地,0,,,160,79,81,83
39303001018,4,田野町,日野,0,,,139,64,75,55
39303001019,4,田野町,開,0,,,117,55,62,58
39303001020,4,田野町,土生岡,0,,,135,65,70,51
39304,1,安田町,,0,,,2370,1144,1226,1064
393040010,2,安田町,大字小川,0,,,17,10,7,10
393040020,2,安田町,大字日々入,0,,,6,3,3,2
393040030,2,安田町,大字瀬切,0,,,22,10,12,14
393040040,2,安田町,大字中里,0,,,8,5,3,5
393040050,2,安田町,大字船倉,0,,,16,8,8,9
393040060,2,安田町,大字与床,0,,,30,14,16,18
393040070,2,安田町,大字中ノ川,0,,,38,17,21,21
393040080,2,安田町,大字西ノ川,0,,,28,16,12,11
393040090,2,安田町,大字別所,0,,,45,21,24,18
393040100,2,安田町,大字正弘,0,,,145,67,78,69
393040110,2,安田町,大字内京坊,0,,,38,15,23,22
393040120,2,安田町,大字間下,0,,,47,21,26,17
393040130,2,安田町,大字東島,0,,,443,220,223,182
393040140,2,安田町,大字安田,0,,,617,297,320,287
393040150,2,安田町,大字西島,0,,,135,62,73,58
393040160,2,安田町,大字隆見,0,,,-,-,-,-
393040170,2,安田町,大字唐浜,0,,,735,358,377,321
39305,1,北川村,,0,,,1146,552,594,549
393050010,2,北川村,大字安倉,0,,,2,1,1,2
393050020,2,北川村,大字柏木,0,,,47,20,27,26
393050030,2,北川村,大字加茂,0,,,186,91,95,79
393050040,2,北川村,大字久江ノ上,0,,,-,-,-,-
393050050,2,北川村,大字久木,0,,,13,6,7,9
393050060,2,北川村,大字小島,0,,,25,15,10,15
393050070,2,北川村,大字木積,0,,,6,3,3,3
393050080,2,北川村,大字島,0,,,17,8,9,13
393050090,2,北川村,大字菅ノ上,0,,,3,-,3,2
393050100,2,北川村,大字宗ノ上,0,,,21,7,14,14
393050110,2,北川村,大字竹屋敷,0,,,-,-,-,-
393050120,2,北川村,大字長山,0,,,78,50,28,46
393050130,2,北川村,大字西谷,0,,,24,13,11,15
393050140,2,北川村,大字野川,0,,,68,32,36,37
393050150,3,北川村,大字野友,0,,,593,272,321,255
39305015001,4,北川村,大字野友乙,0,,,167,83,84,70
39305015002,4,北川村,大字野友甲,0,,,426,189,237,185
393050160,2,北川村,大字平鍋,0,,,22,15,7,11
393050170,2,北川村,大字弘瀬,0,,,4,2,2,2
393050180,2,北川村,大字二タ又,0,,,4,1,3,4
393050190,2,北川村,大字和田,0,,,33,16,17,16
39306,1,馬路村,,0,,,745,358,387,376
393060010,3,馬路村,大字馬路,0,,,605,288,317,292
39306001001,4,馬路村,大字馬路安田川山,0,,,-,-,-,-
39306001002,4,馬路村,大字馬路中ノ川,0,,,15,9,6,8
39306001003,4,馬路村,大字馬路東川,0,,,76,35,41,30
39306001004,4,馬路村,大字馬路影,0,,,235,109,126,118
39306001005,4,馬路村,大字馬路相名,0,,,122,61,61,53
39306001006,4,馬路村,大字馬路日浦,0,,,125,59,66,65
39306001007,4,馬路村,大字馬路朝日出,0,,,32,15,17,18
393060020,3,馬路村,大字魚梁瀬,0,,,140,70,70,84
39306002001,4,馬路村,大字魚梁瀬千本山,0,,,-,-,-,-
39306002002,4,馬路村,大字魚梁瀬丸山,0,,,107,50,57,60
39306002003,4,馬路村,大字魚梁瀬営林署,0,,,33,20,13,24
39306002004,4,馬路村,大字魚梁瀬明善,0,,,-,-,-,-
39306002005,4,馬路村,大字魚梁瀬東川,0,,,-,-,-,-
39306002006,4,馬路村,大字魚梁瀬貯木場,0,,,-,-,-,-
39307,1,芸西村,,0,,,3694,1724,1970,1511
393070010,2,芸西村,和食,0,,,1873,885,988,722
393070020,2,芸西村,西分,0,,,1281,585,696,547
393070030,2,芸西村,馬ノ上,0,,,535,252,283,238
393070040,2,芸西村,久重,0,,,2,1,1,1
393070050,2,芸西村,道家,0,,,3,1,2,3
393070060,2,芸西村,国光,0,,,-,-,-,-
39341,1,本山町,,0,,,3261,1516,1745,1504
393410010,3,本山町,本山,0,,,1366,601,765,610
39341001001,4,本山町,本山一区,0,,,178,80,98,94
39341001002,4,本山町,本山二区,0,,,96,43,53,48
39341001003,4,本山町,本山三区,0,,,312,147,165,132
39341001004,4,本山町,本山四区,0,,,438,222,216,247
39341001005,4,本山町,本山五区,0,,,331,104,227,84
39341001006,4,本山町,本山,0,,,11,5,6,5
393410070,2,本山町,大石,0,,,166,84,82,75
393410080,2,本山町,吉延,0,,,85,42,43,43
393410090,2,本山町,下津野,0,,,33,15,18,14
393410100,2,本山町,井窪,0,,,12,5,7,6
393410110,2,本山町,高角,0,,,45,20,25,20
393410120,2,本山町,古田,0,,,97,51,46,44
393410130,2,本山町,木能津,0,,,116,56,60,54
393410140,2,本山町,助藤,0,,,42,18,24,18
393410150,2,本山町,下関,0,,,95,43,52,48
393410160,3,本山町,上関,0,,,125,58,67,68
39341016001,4,本山町,上関甲,0,,,119,56,63,64
39341016002,4,本山町,上関乙,0,,,6,2,4,4
393410180,3,本山町,北山,0,,,305,158,147,123
39341018001,4,本山町,北山甲,0,,,158,82,76,48
39341018002,4,本山町,北山丙,0,,,100,52,48,53
39341018003,4,本山町,北山乙,0,,,47,24,23,22
393410200,2,本山町,寺家,0,,,423,193,230,192
393410210,2,本山町,吉野,0,,,201,96,105,108
393410220,2,本山町,立野,0,,,7,4,3,3
393410230,2,本山町,坂本,0,,,23,11,12,11
393410240,2,本山町,屋所,0,,,27,12,15,17
393410250,2,本山町,沢ケ内,0,,,24,10,14,12
393410260,2,本山町,瓜生野,0,,,43,26,17,22
393410270,2,本山町,七戸,0,,,26,13,13,16
39344,1,大豊町,,0,,,3252,1546,1706,1788
393440010,2,大豊町,戸手野,0,,,62,28,34,29
393440020,3,大豊町,角茂谷,0,,,56,28,28,31
39344002001,4,大豊町,角茂谷峰,0,,,2,1,1,1
39344002002,4,大豊町,角茂谷本村,0,,,54,27,27,30
393440030,2,大豊町,馬瀬,0,,,45,22,23,32
393440040,2,大豊町,久寿軒,0,,,37,19,18,22
393440050,3,大豊町,北川,0,,,18,10,8,11
39344005001,4,大豊町,北川一区,0,,,6,4,2,4
39344005002,4,大豊町,北川二区,0,,,12,6,6,7
393440060,3,大豊町,小川,0,,,50,22,28,28
39344006001,4,大豊町,小川枯谷,0,,,2,1,1,2
39344006002,4,大豊町,小川,0,,,48,21,27,26
393440070,2,大豊町,杉,0,,,164,85,79,81
393440080,3,大豊町,津家,0,,,69,31,38,36
39344008001,4,大豊町,津家,0,,,60,27,33,30
39344008002,4,大豊町,津家檜生,0,,,9,4,5,6
393440090,2,大豊町,高須,0,,,96,44,52,57
393440100,2,大豊町,日浦,0,,,52,26,26,29
393440110,3,大豊町,中村大王,0,,,181,81,100,61
39344011001,4,大豊町,中村大王大王下,0,,,156,69,87,49
39344011002,4,大豊町,中村大王大王上,0,,,25,12,13,12
393440120,2,大豊町,葛原,0,,,87,49,38,40
393440130,2,大豊町,式岩,0,,,10,5,5,6
393440140,3,大豊町,穴内,0,,,140,71,69,70
39344014001,4,大豊町,穴内一区－一,0,,,21,12,9,13
39344014002,4,大豊町,穴内一区－二,0,,,19,9,10,7
39344014003,4,大豊町,穴内二区,0,,,64,33,31,29
39344014004,4,大豊町,穴内三区,0,,,36,17,19,21
393440150,3,大豊町,和田,0,,,39,17,22,23
39344015001,4,大豊町,和田和田,0,,,23,10,13,13
39344015002,4,大豊町,和田目付,0,,,16,7,9,10
393440160,2,大豊町,磯谷,0,,,18,9,9,10
393440170,2,大豊町,尾生,0,,,18,10,8,12
393440180,2,大豊町,谷,0,,,37,19,18,19
393440190,3,大豊町,川口,0,,,327,160,167,149
39344019001,4,大豊町,川口,0,,,54,25,29,26
39344019002,4,大豊町,川口川口南,0,,,273,135,138,123
393440200,3,大豊町,立川,0,,,123,62,61,76
39344020001,4,大豊町,立川一の瀬,0,,,34,19,15,18
39344020002,4,大豊町,立川,0,,,-,-,-,-
39344020003,4,大豊町,立川三谷,0,,,22,14,8,14
39344020004,4,大豊町,立川刈屋,0,,,17,8,9,12
39344020005,4,大豊町,立川中和,0,,,28,13,15,16
39344020006,4,大豊町,立川仁尾ヶ内,0,,,10,4,6,7
39344020007,4,大豊町,立川中央,0,,,12,4,8,9
393440220,2,大豊町,西土居,0,,,38,17,21,27
393440230,2,大豊町,佐賀山,0,,,37,18,19,28
393440240,2,大豊町,上東,0,,,28,13,15,16
393440250,2,大豊町,中屋,0,,,17,9,8,9
393440260,2,大豊町,黒石,0,,,44,21,23,28
393440270,3,大豊町,庵谷,0,,,67,25,42,44
39344027001,4,大豊町,庵谷西庵谷,0,,,22,10,12,16
39344027002,4,大豊町,庵谷東庵谷,0,,,45,15,30,28
393440280,2,大豊町,船戸,0,,,71,34,37,42
393440290,2,大豊町,大田口,0,,,42,21,21,25
393440300,2,大豊町,石堂,0,,,6,3,3,4
393440310,3,大豊町,梶ケ内,0,,,27,13,14,20
39344031001,4,大豊町,梶ケ内東梶ヶ内,0,,,9,5,4,6
39344031002,4,大豊町,梶ケ内西梶ヶ内,0,,,18,8,10,14
393440320,2,大豊町,奥大田,0,,,10,3,7,8
393440330,3,大豊町,寺内,0,,,112,57,55,63
39344033001,4,大豊町,寺内西寺内,0,,,69,36,33,36
39344033002,4,大豊町,寺内東寺内,0,,,43,21,22,27
393440340,2,大豊町,安野々,0,,,20,11,9,12
393440350,2,大豊町,西久保,0,,,12,4,8,8
393440360,2,大豊町,川戸,0,,,41,19,22,26
393440370,2,大豊町,連火,0,,,17,7,10,12
393440380,3,大豊町,桃原,0,,,50,17,33,31
39344038001,4,大豊町,桃原上桃原,0,,,30,11,19,20
39344038002,4,大豊町,桃原下桃原,0,,,20,6,14,11
393440390,2,大豊町,永淵,0,,,57,27,30,26
393440400,2,大豊町,柳野,0,,,10,4,6,4
393440410,2,大豊町,大砂子,0,,,56,29,27,29
393440420,2,大豊町,大久保,0,,,37,22,15,20
393440430,2,大豊町,東土居,0,,,139,69,70,76
393440440,2,大豊町,八川,0,,,28,11,17,17
393440450,2,大豊町,筏木,0,,,21,10,11,12
393440460,2,大豊町,岩原,0,,,103,52,51,52
393440470,2,大豊町,大平,0,,,18,5,13,10
393440480,3,大豊町,大滝,0,,,55,26,29,32
39344048001,4,大豊町,大滝滝畝,0,,,15,7,8,9
39344048002,4,大豊町,大滝落合,0,,,40,19,21,23
393440490,2,大豊町,川井,0,,,35,17,18,22
393440500,2,大豊町,高原,0,,,6,2,4,6
393440510,2,大豊町,中内,0,,,1,1,-,1
393440520,3,大豊町,西峰,0,,,156,63,93,108
39344052001,4,大豊町,西峰三谷,0,,,27,12,15,18
39344052002,4,大豊町,西峰沖,0,,,8,3,5,6
39344052003,4,大豊町,西峰大畑井,0,,,27,12,15,19
39344052004,4,大豊町,西峰久生野,0,,,33,11,22,27
39344052005,4,大豊町,西峰土居,0,,,11,5,6,10
39344052006,4,大豊町,西峰野々屋,0,,,22,9,13,12
39344052007,4,大豊町,西峰蔭,0,,,28,11,17,16
393440530,2,大豊町,柚木,0,,,39,16,23,25
393440540,3,大豊町,怒田,0,,,94,44,50,52
39344054001,4,大豊町,怒田,0,,,67,31,36,40
39344054002,4,大豊町,怒田三津子野,0,,,27,13,14,12
393440550,2,大豊町,南大王,0,,,10,5,5,7
393440560,2,大豊町,八畝,0,,,62,27,35,29
393440570,2,大豊町,立野,0,,,10,4,6,6
393440580,2,大豊町,西川,0,,,21,9,12,14
393440590,2,大豊町,粟生,0,,,26,13,13,15
39363,1,土佐町,,0,,,3753,1780,1973,1618
393630010,2,土佐町,瀬戸,0,,,34,22,12,20
393630020,2,土佐町,芥川,0,,,2,-,2,1
393630030,2,土佐町,有間,0,,,10,7,3,5
393630040,2,土佐町,西石原,0,,,142,69,73,70
393630050,2,土佐町,東石原,0,,,134,69,65,59
393630060,2,土佐町,地蔵寺,0,,,323,159,164,140
393630070,2,土佐町,栗木,0,,,17,12,5,11
393630080,2,土佐町,土居,0,,,574,252,322,279
393630090,2,土佐町,相川,0,,,142,62,80,54
393630100,2,土佐町,高須,0,,,132,66,66,48
393630110,2,土佐町,樫山,0,,,41,18,23,17
393630120,2,土佐町,南泉,0,,,114,60,54,51
393630130,2,土佐町,溜井,0,,,125,71,54,48
393630140,2,土佐町,宮古野,0,,,64,34,30,29
393630150,2,土佐町,境,0,,,93,48,45,48
393630160,2,土佐町,柚ノ木,0,,,-,-,-,-
393630170,2,土佐町,和田,0,,,38,20,18,19
393630180,2,土佐町,南川,0,,,24,11,13,13
393630190,2,土佐町,笹ケ谷,0,,,-,-,-,-
393630200,2,土佐町,田井,0,,,1727,794,933,699
393630210,2,土佐町,大渕,0,,,9,4,5,2
393630220,2,土佐町,井尻,0,,,1,-,1,1
393630230,2,土佐町,古味,0,,,4,1,3,2
393630240,2,土佐町,下川,0,,,-,-,-,-
393630250,2,土佐町,上津川,0,,,3,1,2,2
39364,1,大川村,,0,,,366,189,177,200
393640010,2,大川村,船戸,0,,,7,4,3,5
393640020,2,大川村,小松,0,,,82,45,37,44
393640030,2,大川村,朝谷,0,,,31,20,11,9
393640040,2,大川村,大北川,0,,,13,7,6,11
393640050,2,大川村,高野,0,,,4,3,1,2
393640060,2,大川村,川崎,0,,,17,6,11,10
393640070,2,大川村,井野川,0,,,59,24,35,24
393640080,2,大川村,大平,0,,,31,15,16,16
393640090,2,大川村,小麦畝,0,,,5,3,2,5
393640100,2,大川村,小北川,0,,,2,2,-,1
393640110,2,大川村,大藪,0,,,5,3,2,3
393640120,2,大川村,下切,0,,,1,1,-,1
393640130,2,大川村,南野山,0,,,10,6,4,7
393640140,2,大川村,上小南川,0,,,20,10,10,14
393640150,2,大川村,下小南川,0,,,15,7,8,8
393640160,2,大川村,中切,0,,,64,33,31,40
39386,1,いの町,,0,,,21374,10179,11195,9111
393860010,3,いの町,伊野町,0,,,4693,2217,2476,1915
39386001001,4,いの町,伊野町大国町,0,,,46,24,22,18
39386001002,4,いの町,伊野町西地,0,,,12,7,5,4
39386001003,4,いの町,伊野町加茂,0,,,91,41,50,41
39386001004,4,いの町,伊野町内野一,0,,,32,18,14,16
39386001005,4,いの町,伊野町内野二,0,,,136,61,75,66
39386001006,4,いの町,伊野町内野三,0,,,14,8,6,7
39386001008,4,いの町,伊野町元町,0,,,107,42,65,46
39386001010,4,いの町,伊野町西町,0,,,45,23,22,22
39386001011,4,いの町,伊野町公園町,0,,,50,23,27,23
39386001012,4,いの町,伊野町幸町,0,,,155,75,80,68
39386001013,4,いの町,伊野町本町,0,,,98,46,52,40
39386001014,4,いの町,伊野町大和町,0,,,112,51,61,39
39386001015,4,いの町,伊野町東町,0,,,64,30,34,22
39386001016,4,いの町,伊野町菊楽,0,,,100,51,49,42
39386001017,4,いの町,伊野町新町,0,,,195,86,109,83
39386001018,4,いの町,伊野町北山,0,,,203,98,105,78
39386001019,4,いの町,伊野町駅前町,0,,,153,81,72,62
39386001020,4,いの町,伊野町駅前町二,0,,,262,109,153,73
39386001021,4,いの町,伊野町藤町,0,,,40,17,23,21
39386001022,4,いの町,伊野町駅東町,0,,,197,97,100,85
39386001023,4,いの町,伊野町北内,0,,,314,149,165,130
39386001024,4,いの町,伊野町是友,0,,,588,269,319,229
39386001025,4,いの町,伊野町駅南町,0,,,462,204,258,167
39386001026,4,いの町,伊野町天神一丁目,0,,,64,28,36,29
39386001027,4,いの町,伊野町天神二丁目,0,,,103,47,56,40
39386001028,4,いの町,伊野町天神三丁目,0,,,116,63,53,47
39386001029,4,いの町,伊野町天神四丁目,0,,,369,186,183,168
39386001030,4,いの町,伊野町音竹,0,,,385,192,193,162
39386001031,4,いの町,伊野町羽根,0,,,-,-,-,-
39386001032,4,いの町,伊野町谷,0,,,177,90,87,85
39386001033,4,いの町,伊野町無人,0,,,3,1,2,2
393860020,3,いの町,枝川,0,,,5640,2669,2971,2406
39386002001,4,いの町,枝川藤ヶ瀬,0,,,354,172,182,142
39386002002,4,いの町,枝川北浦一,0,,,185,82,103,59
39386002003,4,いの町,枝川八代一,0,,,454,222,232,176
39386002004,4,いの町,枝川八代二,0,,,415,198,217,163
39386002005,4,いの町,枝川西浦四ー一,0,,,278,129,149,120
39386002006,4,いの町,枝川西浦五,0,,,552,261,291,243
39386002007,4,いの町,枝川北浦二,0,,,527,247,280,218
39386002008,4,いの町,枝川西浦二,0,,,163,84,79,68
39386002009,4,いの町,枝川東浦一,0,,,316,149,167,135
39386002010,4,いの町,枝川東浦三,0,,,179,92,87,73
39386002011,4,いの町,枝川東浦二,0,,,450,196,254,233
39386002012,4,いの町,枝川西浦一,0,,,216,102,114,90
39386002013,4,いの町,枝川西浦七,0,,,201,93,108,94
39386002014,4,いの町,枝川西浦六,0,,,311,153,158,136
39386002015,4,いの町,枝川西浦三,0,,,610,291,319,267
39386002016,4,いの町,枝川無人,0,,,8,4,4,4
39386002017,4,いの町,枝川西浦四ー二,0,,,192,85,107,82
39386002019,4,いの町,枝川西浦九,0,,,229,109,120,103
393860030,3,いの町,神谷,0,,,312,161,151,147
39386003001,4,いの町,神谷野久保,0,,,85,40,45,36
39386003002,4,いの町,神谷保木,0,,,105,55,50,49
39386003003,4,いの町,神谷奈呂,0,,,81,43,38,42
39386003004,4,いの町,神谷毛田,0,,,37,21,16,18
39386003005,4,いの町,神谷蔭,0,,,4,2,2,2
393860040,3,いの町,成山,0,,,34,15,19,20
39386004001,4,いの町,成山横薮,0,,,11,4,7,6
39386004002,4,いの町,成山北成山,0,,,13,6,7,7
39386004003,4,いの町,成山本村,0,,,10,5,5,7
393860050,2,いの町,槇,0,,,55,27,28,24
393860060,3,いの町,加田,0,,,264,114,150,120
39386006001,4,いの町,加田東加田,0,,,23,10,13,13
39386006002,4,いの町,加田加田,0,,,241,104,137,107
393860070,3,いの町,波川,0,,,1265,633,632,482
39386007001,4,いの町,波川波川北,0,,,52,21,31,24
39386007002,4,いの町,波川宮の東,0,,,149,72,77,60
39386007003,4,いの町,波川新道,0,,,500,244,256,204
39386007004,4,いの町,波川灘,0,,,116,55,61,48
39386007005,4,いの町,波川波川西,0,,,236,129,107,68
39386007006,4,いの町,波川波川南,0,,,94,59,35,24
39386007007,4,いの町,波川尾山,0,,,118,53,65,54
393860080,2,いの町,鎌田,0,,,172,79,93,69
393860090,3,いの町,大内,0,,,409,194,215,192
39386009001,4,いの町,大内小鎌田,0,,,47,18,29,20
39386009002,4,いの町,大内大八十,0,,,50,23,27,25
39386009003,4,いの町,大内中ノ谷・高野ヶ谷,0,,,145,64,81,71
39386009004,4,いの町,大内小八十,0,,,71,37,34,33
39386009005,4,いの町,大内南ノ谷,0,,,96,52,44,43
393860100,3,いの町,池の内,0,,,361,177,184,142
39386010001,4,いの町,池の内山石,0,,,71,35,36,30
39386010002,4,いの町,池の内柿谷,0,,,62,32,30,29
39386010003,4,いの町,池の内向流,0,,,88,43,45,31
39386010004,4,いの町,池の内肩抜,0,,,140,67,73,52
393860110,3,いの町,八田,0,,,580,264,316,243
39386011001,4,いの町,八田八田一,0,,,135,68,67,60
39386011002,4,いの町,八田八田五,0,,,67,32,35,29
39386011003,4,いの町,八田八田四,0,,,178,74,104,70
39386011004,4,いの町,八田八田二,0,,,119,52,67,50
39386011005,4,いの町,八田八田三,0,,,81,38,43,34
393860120,3,いの町,柳瀬上分,0,,,54,22,32,31
39386012001,4,いの町,柳瀬上分出来地,0,,,25,12,13,13
39386012002,4,いの町,柳瀬上分石見,0,,,14,5,9,8
39386012003,4,いの町,柳瀬上分柏原,0,,,15,5,10,10
39386012004,4,いの町,柳瀬上分無人,0,,,-,-,-,-
393860130,2,いの町,中追,0,,,62,26,36,32
393860140,3,いの町,勝賀瀬,0,,,187,89,98,101
39386014001,4,いの町,勝賀瀬長原比,0,,,29,13,16,15
39386014002,4,いの町,勝賀瀬弘瀬,0,,,62,32,30,30
39386014003,4,いの町,勝賀瀬北谷,0,,,43,20,23,25
39386014004,4,いの町,勝賀瀬込谷,0,,,10,6,4,4
39386014005,4,いの町,勝賀瀬西の谷,0,,,43,18,25,27
39386014006,4,いの町,勝賀瀬無人,0,,,-,-,-,-
393860150,2,いの町,鹿敷,0,,,332,132,200,109
393860160,2,いの町,小野,0,,,72,32,40,39
393860170,2,いの町,楠瀬,0,,,50,25,25,22
393860180,2,いの町,柳瀬本村,0,,,72,32,40,31
393860190,3,いの町,天王北,0,,,953,475,478,377
39386019001,4,いの町,天王北一丁目,0,,,168,91,77,68
39386019002,4,いの町,天王北二丁目,0,,,147,75,72,56
39386019003,4,いの町,天王北三丁目,0,,,261,130,131,102
39386019004,4,いの町,天王北四丁目,0,,,377,179,198,151
393860200,3,いの町,天王南,0,,,2697,1259,1438,1054
39386020001,4,いの町,天王南一丁目,0,,,96,48,48,37
39386020002,4,いの町,天王南二丁目,0,,,353,168,185,149
39386020003,4,いの町,天王南三丁目,0,,,279,126,153,110
39386020004,4,いの町,天王南四丁目,0,,,353,172,181,137
39386020005,4,いの町,天王南五丁目,0,,,350,157,193,133
39386020006,4,いの町,天王南六丁目,0,,,261,125,136,103
39386020007,4,いの町,天王南七丁目,0,,,243,108,135,96
39386020008,4,いの町,天王南八丁目,0,,,373,183,190,138
39386020009,4,いの町,天王南九丁目,0,,,389,172,217,151
393860210,2,いの町,清水,0,,,326,162,164,170
393860220,2,いの町,上八川,0,,,528,269,259,282
393860230,2,いの町,小川,0,,,625,306,319,325
393860240,2,いの町,下八川,0,,,397,181,216,172
393860250,2,いの町,高藪,0,,,31,16,15,18
393860260,2,いの町,脇ノ山,0,,,77,48,29,53
393860270,2,いの町,足谷,0,,,2,-,2,2
393860280,2,いの町,葛原,0,,,9,6,3,5
393860290,2,いの町,桑瀬,0,,,8,3,5,7
393860300,2,いの町,中ノ川,0,,,14,6,8,8
393860310,2,いの町,戸中,0,,,19,12,7,10
393860320,2,いの町,長沢,0,,,139,73,66,72
393860330,2,いの町,大森,0,,,39,21,18,22
393860340,2,いの町,越裏門,0,,,38,23,15,21
393860350,2,いの町,寺川,0,,,19,10,9,10
393860360,2,いの町,大国町,0,,,51,22,29,24
393860370,2,いの町,西町,0,,,200,100,100,90
393860380,2,いの町,加茂町,0,,,80,39,41,33
393860390,2,いの町,内野北町,0,,,97,42,55,53
393860400,2,いの町,内野東町,0,,,51,20,31,21
393860410,2,いの町,内野南町,0,,,91,46,45,34
393860420,2,いの町,柳町,0,,,106,49,57,53
393860430,2,いの町,旭町,0,,,98,51,47,42
393860440,2,いの町,元町,0,,,25,11,14,10
393860450,2,いの町,羽根町,0,,,40,21,19,18
39387,1,仁淀川町,,0,,,4827,2306,2521,2460
393870010,2,仁淀川町,大板,0,,,65,33,32,24
393870020,2,仁淀川町,峯岩戸,0,,,14,9,5,7
393870030,2,仁淀川町,岩戸,0,,,28,14,14,14
393870040,2,仁淀川町,寺村,0,,,203,96,107,109
393870050,2,仁淀川町,蕨谷,0,,,15,8,7,8
393870060,2,仁淀川町,中村,0,,,21,9,12,12
393870070,2,仁淀川町,葛原,0,,,21,11,10,12
393870080,2,仁淀川町,大崎,0,,,263,128,135,127
393870090,2,仁淀川町,藤ノ野,0,,,24,11,13,12
393870100,2,仁淀川町,桜,0,,,11,6,5,7
393870110,2,仁淀川町,鹿森,0,,,14,6,8,7
393870120,2,仁淀川町,長屋,0,,,24,6,18,11
393870130,2,仁淀川町,田村,0,,,149,74,75,65
393870140,2,仁淀川町,宗津,0,,,49,23,26,26
393870150,2,仁淀川町,本村,0,,,62,18,44,6
393870160,2,仁淀川町,川口,0,,,102,55,47,60
393870170,2,仁淀川町,相能,0,,,36,18,18,18
393870180,2,仁淀川町,橘谷,0,,,6,1,5,4
393870190,2,仁淀川町,引地,0,,,18,10,8,8
393870200,2,仁淀川町,遅越,0,,,10,5,5,6
393870210,2,仁淀川町,二子野,0,,,25,11,14,9
393870220,3,仁淀川町,加枝,0,,,59,28,31,38
39387022001,4,仁淀川町,加枝,0,,,44,20,24,28
39387022002,4,仁淀川町,加枝向口,0,,,15,8,7,10
393870240,3,仁淀川町,久喜,0,,,50,23,27,27
39387024001,4,仁淀川町,久喜,0,,,41,19,22,20
39387024002,4,仁淀川町,久喜上久喜,0,,,7,3,4,5
39387024003,4,仁淀川町,久喜一ヶ谷,0,,,2,1,1,2
393870270,3,仁淀川町,橘,0,,,11,5,6,8
39387027001,4,仁淀川町,橘,0,,,5,2,3,4
39387027002,4,仁淀川町,橘別枝口,0,,,6,3,3,4
39387027003,4,仁淀川町,橘秋葉口,0,,,-,-,-,-
393870300,2,仁淀川町,鷲ノ巣,0,,,5,3,2,3
393870310,2,仁淀川町,大尾,0,,,8,4,4,5
393870320,2,仁淀川町,森山,0,,,62,24,38,36
393870330,2,仁淀川町,潰溜,0,,,24,12,12,12
393870340,2,仁淀川町,峠ノ越,0,,,4,1,3,2
393870350,2,仁淀川町,大渡,0,,,17,6,11,11
393870360,2,仁淀川町,竹屋敷,0,,,1,-,1,1
393870370,2,仁淀川町,名野川,0,,,122,58,64,67
393870380,2,仁淀川町,崎ノ山,0,,,32,19,13,18
393870390,2,仁淀川町,名野川大平,0,,,18,9,9,8
393870400,2,仁淀川町,北川,0,,,31,13,18,18
393870410,2,仁淀川町,下北川,0,,,30,15,15,15
393870420,2,仁淀川町,二ノ滝,0,,,27,15,12,11
393870430,2,仁淀川町,下名野川,0,,,64,35,29,39
393870440,2,仁淀川町,中,0,,,5,2,3,3
393870450,2,仁淀川町,津江,0,,,10,5,5,6
393870460,2,仁淀川町,長坂,0,,,15,8,7,7
393870470,2,仁淀川町,上名野川,0,,,55,24,31,35
393870480,2,仁淀川町,大蕨,0,,,2,1,1,1
393870490,2,仁淀川町,森,0,,,597,307,290,291
393870500,2,仁淀川町,川渡,0,,,190,82,108,97
393870510,2,仁淀川町,高瀬,0,,,100,51,49,30
393870520,2,仁淀川町,別枝,0,,,77,41,36,55
393870530,3,仁淀川町,長者,0,,,536,259,277,273
39387053001,4,仁淀川町,長者乙,0,,,233,106,127,117
39387053002,4,仁淀川町,長者丙,0,,,233,125,108,112
39387053003,4,仁淀川町,長者丁,0,,,70,28,42,44
393870540,2,仁淀川町,泉,0,,,28,16,12,14
393870550,2,仁淀川町,大植,0,,,56,25,31,39
393870560,2,仁淀川町,土居甲,0,,,251,123,128,141
393870570,2,仁淀川町,北浦,0,,,15,8,7,10
393870580,2,仁淀川町,下土居,0,,,308,148,160,141
393870590,2,仁淀川町,竹ノ谷,0,,,140,73,67,75
393870600,2,仁淀川町,岩丸,0,,,252,84,168,84
393870610,2,仁淀川町,川内谷,0,,,18,8,10,13
393870620,2,仁淀川町,坂本,0,,,106,49,57,56
393870630,2,仁淀川町,大野,0,,,73,29,44,45
393870640,2,仁淀川町,用居,0,,,80,40,40,53
393870650,2,仁淀川町,狩山,0,,,106,53,53,62
393870660,2,仁淀川町,安居,0,,,82,48,34,58
39401,1,中土佐町,,0,,,6002,2782,3220,2702
394010010,2,中土佐町,久礼,0,,,3667,1698,1969,1610
394010020,2,中土佐町,上ノ加江,0,,,1141,534,607,517
394010030,2,中土佐町,小矢井賀,0,,,42,18,24,22
394010040,2,中土佐町,矢井賀,0,,,138,58,80,86
394010050,2,中土佐町,野老野,0,,,22,12,10,11
394010060,2,中土佐町,竹原,0,,,64,32,32,33
394010070,2,中土佐町,長野,0,,,13,6,7,8
394010080,2,中土佐町,三ツ又,0,,,9,3,6,4
394010090,2,中土佐町,槇野々,0,,,52,24,28,19
394010100,2,中土佐町,奈路,0,,,214,101,113,104
394010110,2,中土佐町,吉野,0,,,233,93,140,96
394010120,2,中土佐町,久万秋,0,,,36,18,18,17
394010130,2,中土佐町,橋谷,0,,,2,1,1,2
394010140,2,中土佐町,荒瀬,0,,,20,10,10,9
394010150,2,中土佐町,神母野,0,,,46,22,24,24
394010160,2,中土佐町,寺野,0,,,29,13,16,15
394010170,2,中土佐町,大股,0,,,36,18,18,21
394010180,2,中土佐町,萩中,0,,,114,55,59,60
394010190,2,中土佐町,下ル川,0,,,40,18,22,21
394010200,2,中土佐町,東川,0,,,-,-,-,-
394010210,2,中土佐町,川奥,0,,,5,2,3,2
394010220,2,中土佐町,栂ノ川,0,,,48,34,14,7
394010230,2,中土佐町,島ノ川,0,,,-,-,-,-
394010240,2,中土佐町,伊勢川,0,,,31,12,19,14
39402,1,佐川町,,0,,,12323,5751,6572,5141
394020010,3,佐川町,甲,0,,,2403,1127,1276,1097
39402001001,4,佐川町,甲上郷,0,,,895,417,478,384
39402001002,4,佐川町,甲上郷町営住宅,0,,,95,38,57,45
39402001003,4,佐川町,甲東元町,0,,,328,150,178,127
39402001004,4,佐川町,甲さくら園,0,,,26,13,13,1
39402001005,4,佐川町,甲紫円,0,,,76,33,43,34
39402001006,4,佐川町,甲東町三区,0,,,72,50,22,47
39402001007,4,佐川町,甲東町四区上,0,,,12,6,6,7
39402001008,4,佐川町,甲東町四区下,0,,,40,15,25,19
39402001009,4,佐川町,甲東町五区,0,,,25,10,15,12
39402001010,4,佐川町,甲東町六区,0,,,86,43,43,40
39402001011,4,佐川町,甲春日,0,,,151,80,71,78
39402001012,4,佐川町,甲上町七区,0,,,18,8,10,8
39402001013,4,佐川町,甲西町八区,0,,,81,39,42,47
39402001014,4,佐川町,甲西町九区上,0,,,30,12,18,21
39402001015,4,佐川町,甲西町九区下,0,,,36,20,16,17
39402001016,4,佐川町,甲松崎,0,,,172,82,90,97
39402001017,4,佐川町,甲高北病院,0,,,41,11,30,2
39402001018,4,佐川町,甲中本町,0,,,204,94,110,102
39402001019,4,佐川町,甲三野,0,,,15,6,9,9
394020020,3,佐川町,乙,0,,,3497,1602,1895,1264
39402002001,4,佐川町,乙松崎,0,,,12,7,5,5
39402002002,4,佐川町,乙春日荘,0,,,105,22,83,3
39402002003,4,佐川町,乙中本町,0,,,65,31,34,30
39402002004,4,佐川町,乙鳥の巣,0,,,232,116,116,87
39402002005,4,佐川町,乙室原,0,,,54,26,28,27
39402002006,4,佐川町,乙岡崎,0,,,41,20,21,17
39402002007,4,佐川町,乙虎杖野,0,,,98,49,49,39
39402002008,4,佐川町,乙中組,0,,,144,68,76,60
39402002009,4,佐川町,乙島の土居,0,,,93,44,49,36
39402002010,4,佐川町,乙清和病院,0,,,285,109,176,3
39402002011,4,佐川町,乙富士見町,0,,,448,219,229,192
39402002012,4,佐川町,乙富士見町町営住宅,0,,,159,70,89,68
39402002013,4,佐川町,乙三野,0,,,845,378,467,336
39402002014,4,佐川町,乙青去,0,,,277,137,140,109
39402002015,4,佐川町,乙荷稲,0,,,504,229,275,188
39402002016,4,佐川町,乙下山,0,,,84,47,37,39
39402002017,4,佐川町,乙馬ノ原,0,,,49,29,20,24
39402002018,4,佐川町,乙柳瀬,0,,,2,1,1,1
394020030,3,佐川町,丙,0,,,1095,517,578,470
39402003001,4,佐川町,丙柏原,0,,,30,16,14,15
39402003002,4,佐川町,丙桂,0,,,89,42,47,34
39402003003,4,佐川町,丙虎杖野,0,,,17,9,8,9
39402003004,4,佐川町,丙市の瀬,0,,,96,46,50,37
39402003005,4,佐川町,丙立野,0,,,34,15,19,17
39402003006,4,佐川町,丙柳瀬,0,,,270,124,146,127
39402003007,4,佐川町,丙九反田,0,,,227,98,129,84
39402003008,4,佐川町,丙川内ケ谷下,0,,,191,91,100,85
39402003009,4,佐川町,丙電力所,0,,,45,28,17,22
39402003010,4,佐川町,丙川内ケ谷上,0,,,90,44,46,37
39402003011,4,佐川町,丙中山,0,,,6,4,2,3
394020040,2,佐川町,室原,0,,,35,15,20,18
394020050,3,佐川町,川ノ内組,0,,,31,18,13,11
39402005001,4,佐川町,川ノ内組舟床,0,,,14,7,7,5
39402005002,4,佐川町,川ノ内組川ノ内,0,,,17,11,6,6
394020060,2,佐川町,西山組,0,,,51,23,28,22
394020070,3,佐川町,西組,0,,,545,263,282,219
39402007001,4,佐川町,西組山瀬,0,,,99,48,51,41
39402007002,4,佐川町,西組岩井口,0,,,74,35,39,26
39402007003,4,佐川町,西組塚谷,0,,,65,36,29,21
39402007004,4,佐川町,西組下伏尾,0,,,117,56,61,51
39402007005,4,佐川町,西組上伏尾,0,,,39,19,20,18
39402007006,4,佐川町,西組二の部,0,,,102,47,55,40
39402007007,4,佐川町,西組駅前丁,0,,,22,10,12,8
39402007008,4,佐川町,西組芝の坊,0,,,21,8,13,9
39402007009,4,佐川町,西組畜産試験場,0,,,6,4,2,5
394020080,3,佐川町,中組,0,,,634,308,326,260
39402008001,4,佐川町,中組駅前丁,0,,,95,44,51,40
39402008002,4,佐川町,中組芝の坊,0,,,204,90,114,85
39402008003,4,佐川町,中組角口,0,,,77,36,41,32
39402008004,4,佐川町,中組狩場,0,,,49,27,22,24
39402008005,4,佐川町,中組野添,0,,,118,62,56,46
39402008006,4,佐川町,中組薄木,0,,,66,37,29,24
39402008007,4,佐川町,中組入寺山,0,,,-,-,-,-
39402008008,4,佐川町,中組大平,0,,,25,12,13,9
394020090,3,佐川町,東組,0,,,627,289,338,257
39402009001,4,佐川町,東組二の部丁,0,,,105,50,55,40
39402009002,4,佐川町,東組駅前丁,0,,,30,14,16,13
39402009003,4,佐川町,東組入寺山,0,,,134,65,69,54
39402009004,4,佐川町,東組大平,0,,,90,45,45,35
39402009005,4,佐川町,東組上美都岐,0,,,92,38,54,43
39402009006,4,佐川町,東組西下美都岐,0,,,67,30,37,26
39402009007,4,佐川町,東組東下美都岐,0,,,109,47,62,46
394020100,3,佐川町,永野,0,,,829,389,440,362
39402010001,4,佐川町,永野大平,0,,,7,3,4,3
39402010002,4,佐川町,永野東下美都岐,0,,,5,3,2,2
39402010003,4,佐川町,永野襟野々,0,,,41,19,22,20
39402010004,4,佐川町,永野川原田,0,,,84,44,40,30
39402010005,4,佐川町,永野兎田,0,,,45,21,24,18
39402010006,4,佐川町,永野砂止,0,,,81,38,43,28
39402010007,4,佐川町,永野埴生ノ川,0,,,96,41,55,40
39402010008,4,佐川町,永野楠谷,0,,,38,17,21,15
39402010009,4,佐川町,永野中谷,0,,,51,27,24,24
39402010010,4,佐川町,永野南谷,0,,,42,21,21,21
39402010011,4,佐川町,永野鉢ケ森,0,,,183,84,99,84
39402010012,4,佐川町,永野囃田,0,,,69,33,36,36
39402010013,4,佐川町,永野古用地,0,,,35,15,20,18
39402010014,4,佐川町,永野花ノ木,0,,,52,23,29,23
394020110,3,佐川町,本郷耕,0,,,539,247,292,256
39402011001,4,佐川町,本郷耕高平,0,,,33,14,19,14
39402011002,4,佐川町,本郷耕下郷,0,,,91,45,46,42
39402011003,4,佐川町,本郷耕中村,0,,,144,60,84,60
39402011004,4,佐川町,本郷耕山田,0,,,98,41,57,49
39402011005,4,佐川町,本郷耕堂野々,0,,,92,45,47,50
39402011006,4,佐川町,本郷耕松ノ木,0,,,81,42,39,41
394020120,3,佐川町,西山耕,0,,,81,37,44,41
39402012001,4,佐川町,西山耕下郷,0,,,9,5,4,4
39402012002,4,佐川町,西山耕西山,0,,,61,26,35,33
39402012003,4,佐川町,西山耕中村,0,,,11,6,5,4
394020130,2,佐川町,古畑耕,0,,,49,23,26,24
394020140,2,佐川町,峰耕,0,,,13,9,4,10
394020150,2,佐川町,本郷山,0,,,-,-,-,-
394020160,2,佐川町,四ツ白,0,,,78,38,40,39
394020170,2,佐川町,二ツ野,0,,,51,26,25,28
394020180,2,佐川町,中野,0,,,66,32,34,33
394020190,2,佐川町,瑞応,0,,,63,28,35,31
394020200,2,佐川町,庄田,0,,,175,81,94,89
394020210,3,佐川町,黒原,0,,,369,175,194,155
39402021001,4,佐川町,黒原山本,0,,,93,43,50,35
39402021002,4,佐川町,黒原源住，薬師堂,0,,,17,9,8,8
39402021003,4,佐川町,黒原原,0,,,52,29,23,28
39402021004,4,佐川町,黒原岬,0,,,69,32,37,24
39402021005,4,佐川町,黒原寺野,0,,,87,42,45,38
39402021006,4,佐川町,黒原場所ケ内,0,,,18,6,12,9
39402021007,4,佐川町,黒原台住,0,,,33,14,19,13
394020220,2,佐川町,平野,0,,,112,56,56,45
394020230,2,佐川町,大田川,0,,,26,13,13,9
394020240,3,佐川町,加茂,0,,,953,435,518,400
39402024001,4,佐川町,加茂長竹,0,,,111,49,62,45
39402024002,4,佐川町,加茂竹の倉,0,,,139,63,76,67
39402024003,4,佐川町,加茂横山,0,,,33,16,17,17
39402024004,4,佐川町,加茂本村西,0,,,247,107,140,97
39402024005,4,佐川町,加茂本村東,0,,,213,100,113,92
39402024006,4,佐川町,加茂弘岡,0,,,210,100,110,82
394020250,2,佐川町,岩目地,0,,,1,-,1,1
39403,1,越知町,,0,,,5187,2390,2797,2335
394030010,3,越知町,越知,0,,,3827,1722,2105,1665
39403001001,4,越知町,越知甲,0,,,3465,1551,1914,1509
39403001002,4,越知町,越知,0,,,362,171,191,156
394030020,2,越知町,野老山,0,,,139,64,75,73
394030030,2,越知町,山室,0,,,21,12,9,11
394030040,2,越知町,五味,0,,,50,25,25,22
394030050,2,越知町,中大平,0,,,37,18,19,19
394030060,2,越知町,大平,0,,,10,5,5,7
394030070,2,越知町,桐見川,0,,,59,31,28,36
394030080,2,越知町,峯,0,,,-,-,-,-
394030090,2,越知町,佐ノ国,0,,,2,2,-,2
394030100,2,越知町,南ノ川,0,,,10,4,6,7
394030110,2,越知町,長者,0,,,10,4,6,7
394030120,2,越知町,横畠,0,,,392,192,200,184
394030130,2,越知町,今成,0,,,97,46,51,39
394030140,2,越知町,鎌井田,0,,,187,94,93,94
394030150,2,越知町,片岡,0,,,102,52,50,59
394030160,2,越知町,黒瀬,0,,,46,22,24,23
394030170,2,越知町,南片岡,0,,,16,8,8,9
394030180,2,越知町,浅尾,0,,,30,16,14,8
394030190,2,越知町,宮地,0,,,37,19,18,16
394030200,2,越知町,柴尾,0,,,115,54,61,54
39405,1,檮原町,,0,,,3307,1611,1696,1513
394050010,2,檮原町,横貝,0,,,32,15,17,17
394050020,2,檮原町,太田戸,0,,,52,25,27,26
394050030,2,檮原町,上本村,0,,,53,24,29,28
394050040,2,檮原町,下本村,0,,,78,39,39,39
394050050,2,檮原町,井の谷,0,,,24,12,12,15
394050060,2,檮原町,永野,0,,,53,29,24,24
394050070,2,檮原町,田野々,0,,,180,90,90,79
394050080,2,檮原町,東向,0,,,11,5,6,5
394050090,2,檮原町,富永,0,,,31,16,15,15
394050100,2,檮原町,下組,0,,,33,12,21,13
394050110,2,檮原町,東川,0,,,39,21,18,19
394050120,2,檮原町,上組,0,,,-,-,-,-
394050130,2,檮原町,中の川,0,,,25,10,15,11
394050140,2,檮原町,本も谷,0,,,30,15,15,16
394050150,2,檮原町,茶や谷,0,,,46,22,24,24
394050160,2,檮原町,井高,0,,,27,11,16,17
394050170,2,檮原町,坪野田,0,,,18,10,8,11
394050180,2,檮原町,文丸,0,,,25,9,16,15
394050190,2,檮原町,神の山,0,,,10,2,8,8
394050200,2,檮原町,坂本川,0,,,19,10,9,11
394050210,2,檮原町,六丁,0,,,117,55,62,51
394050220,2,檮原町,後別当,0,,,32,16,16,19
394050230,2,檮原町,大蔵谷,0,,,153,76,77,71
394050240,3,檮原町,梼原,0,,,408,196,212,179
39405024001,4,檮原町,梼原東町,0,,,123,59,64,52
39405024002,4,檮原町,梼原中町,0,,,97,48,49,33
39405024003,4,檮原町,梼原北町,0,,,63,30,33,28
39405024004,4,檮原町,梼原南町,0,,,69,34,35,35
39405024005,4,檮原町,梼原西町,0,,,56,25,31,31
394050290,2,檮原町,川西路,0,,,323,169,154,139
394050300,2,檮原町,飯母,0,,,220,110,110,101
394050310,2,檮原町,太郎川,0,,,60,30,30,28
394050320,2,檮原町,神在居,0,,,24,11,13,12
394050330,2,檮原町,仲洞,0,,,40,20,20,19
394050340,2,檮原町,豊原,0,,,20,11,9,9
394050350,2,檮原町,川井,0,,,60,34,26,21
394050360,2,檮原町,川口,0,,,73,41,32,27
394050370,2,檮原町,仲間,0,,,18,9,9,10
394050380,2,檮原町,上西の川,0,,,32,14,18,14
394050390,2,檮原町,下西の川,0,,,86,43,43,42
394050400,2,檮原町,竹の藪,0,,,89,43,46,47
394050410,2,檮原町,広野,0,,,237,102,135,43
394050420,2,檮原町,宮野々,0,,,44,21,23,26
394050430,2,檮原町,上成,0,,,112,58,54,52
394050440,2,檮原町,松谷,0,,,38,18,20,19
394050450,2,檮原町,上折渡,0,,,14,7,7,8
394050460,2,檮原町,下折渡,0,,,8,3,5,5
394050470,2,檮原町,影野地,0,,,19,8,11,10
394050480,2,檮原町,大野地,0,,,14,7,7,6
394050490,2,檮原町,佐渡,0,,,8,3,5,5
394050500,2,檮原町,初瀬本村,0,,,25,12,13,15
394050510,2,檮原町,仲久保,0,,,20,10,10,12
394050520,2,檮原町,大向,0,,,29,16,13,14
394050530,2,檮原町,中平,0,,,51,21,30,29
394050540,2,檮原町,上久保谷,0,,,15,7,8,7
394050550,2,檮原町,下久保谷,0,,,29,17,12,15
394050560,2,檮原町,松原,0,,,74,33,41,46
394050570,2,檮原町,島中,0,,,29,13,16,19
39410,1,日高村,,0,,,4812,2282,2530,1984
394100010,2,日高村,鴨地,0,,,58,30,28,26
394100020,2,日高村,長畑,0,,,60,31,29,29
394100030,2,日高村,宮ノ谷,0,,,52,24,28,22
394100040,2,日高村,大花,0,,,21,7,14,14
394100050,2,日高村,本村,0,,,161,74,87,26
394100060,2,日高村,名越屋,0,,,48,29,19,24
394100070,2,日高村,柱谷,0,,,18,7,11,11
394100080,2,日高村,下分,0,,,1568,756,812,651
394100090,2,日高村,本郷,0,,,989,463,526,445
394100100,2,日高村,岩目地,0,,,790,379,411,340
394100110,2,日高村,九頭,0,,,156,82,74,63
394100120,2,日高村,沖名,0,,,891,400,491,333
39411,1,津野町,,0,,,5291,2516,2775,2206
394110010,2,津野町,新土居,0,,,282,132,150,117
394110020,2,津野町,三間川,0,,,95,43,52,41
394110030,2,津野町,樺ノ川,0,,,59,31,28,26
394110040,2,津野町,西谷,0,,,103,50,53,41
394110050,2,津野町,姫野々,0,,,816,352,464,283
394110060,2,津野町,久保川,0,,,187,89,98,76
394110070,2,津野町,永野,0,,,360,173,187,142
394110080,2,津野町,貝ノ川,0,,,64,31,33,28
394110090,2,津野町,西谷乙,0,,,4,2,2,2
394110100,2,津野町,貝ノ川床鍋,0,,,73,35,38,33
394110110,2,津野町,赤木,0,,,300,149,151,123
394110120,2,津野町,大野,0,,,94,56,38,42
394110130,2,津野町,黒川,0,,,167,79,88,72
394110150,2,津野町,杉ノ川甲,0,,,200,108,92,93
394110160,2,津野町,杉ノ川乙,0,,,113,56,57,55
394110170,2,津野町,杉ノ川丙,0,,,131,72,59,53
394110180,2,津野町,白石甲,0,,,303,139,164,125
394110190,2,津野町,白石乙,0,,,3,1,2,2
394110200,2,津野町,白石丙,0,,,53,28,25,21
394110210,2,津野町,北川,0,,,597,292,305,258
394110220,2,津野町,芳生野甲,0,,,349,166,183,173
394110230,2,津野町,力石,0,,,226,83,143,76
394110240,2,津野町,烏出川,0,,,44,22,22,21
394110250,2,津野町,船戸,0,,,316,161,155,142
394110260,2,津野町,桑ケ市,0,,,80,43,37,35
394110270,2,津野町,芳生野乙,0,,,162,73,89,73
394110280,2,津野町,芳生野丙,0,,,110,50,60,53
39412,1,四万十町,,0,,,15607,7442,8165,7150
394120010,2,四万十町,古市町,0,,,299,130,169,182
394120020,2,四万十町,東町,0,,,118,54,64,59
394120030,2,四万十町,茂串町,0,,,374,188,186,187
394120040,2,四万十町,本町,0,,,198,93,105,87
394120050,2,四万十町,新開町,0,,,134,58,76,61
394120060,2,四万十町,琴平町,0,,,307,132,175,138
394120070,2,四万十町,北琴平町,0,,,571,273,298,293
394120080,2,四万十町,榊山町,0,,,302,156,146,154
394120090,2,四万十町,香月が丘,0,,,512,239,273,228
394120100,2,四万十町,神ノ西,0,,,182,82,100,68
394120110,2,四万十町,西原,0,,,59,28,31,30
394120120,2,四万十町,若井,0,,,83,45,38,38
394120130,2,四万十町,高野,0,,,60,27,33,27
394120140,2,四万十町,若井川,0,,,108,55,53,46
394120150,2,四万十町,峰ノ上,0,,,51,28,23,27
394120160,2,四万十町,金上野,0,,,677,317,360,327
394120170,2,四万十町,見付,0,,,387,160,227,169
394120180,2,四万十町,東大奈路,0,,,73,39,34,30
394120190,2,四万十町,根元原,0,,,48,22,26,24
394120200,2,四万十町,根々崎,0,,,13,7,6,5
394120210,2,四万十町,東川角,0,,,282,138,144,102
394120220,2,四万十町,西川角,0,,,98,53,45,41
394120230,2,四万十町,宮内,0,,,129,66,63,64
394120240,2,四万十町,仕出原,0,,,71,33,38,28
394120250,2,四万十町,大井野,0,,,120,51,69,51
394120260,2,四万十町,口神ノ川,0,,,187,86,101,84
394120270,2,四万十町,中神ノ川,0,,,82,42,40,43
394120280,2,四万十町,奥神ノ川,0,,,8,4,4,4
394120290,2,四万十町,檜生原,0,,,77,40,37,32
394120300,2,四万十町,寺野,0,,,68,34,34,32
394120310,2,四万十町,南川口,0,,,145,66,79,65
394120320,2,四万十町,天ノ川,0,,,33,18,15,17
394120330,2,四万十町,秋丸,0,,,127,71,56,48
394120340,2,四万十町,野地,0,,,103,53,50,37
394120350,2,四万十町,家地川,0,,,79,32,47,36
394120360,2,四万十町,大向,0,,,47,27,20,19
394120370,2,四万十町,折合,0,,,5,3,2,2
394120380,2,四万十町,窪川中津川,0,,,65,31,34,33
394120390,2,四万十町,日野地,0,,,24,14,10,14
394120400,2,四万十町,上秋丸,0,,,24,13,11,15
394120410,2,四万十町,壱斗俵,0,,,71,34,37,38
394120420,2,四万十町,東北ノ川,0,,,57,24,33,23
394120430,2,四万十町,市生原,0,,,51,26,25,24
394120440,2,四万十町,米奥,0,,,147,66,81,75
394120450,2,四万十町,作屋,0,,,57,24,33,30
394120460,2,四万十町,七里,0,,,490,251,239,207
394120470,2,四万十町,川ノ内,0,,,73,33,40,25
394120480,2,四万十町,勝賀野,0,,,66,32,34,24
394120490,2,四万十町,中村,0,,,14,6,8,7
394120500,2,四万十町,床鍋,0,,,101,50,51,45
394120510,2,四万十町,影野,0,,,247,97,150,82
394120520,2,四万十町,奥呉地,0,,,33,13,20,15
394120530,2,四万十町,魚ノ川,0,,,67,30,37,35
394120540,2,四万十町,下呉地,0,,,114,55,59,46
394120550,2,四万十町,替坂本,0,,,111,52,59,46
394120560,2,四万十町,六反地,0,,,98,46,52,45
394120570,2,四万十町,仁井田,0,,,526,235,291,191
394120580,2,四万十町,小向,0,,,33,18,15,17
394120590,2,四万十町,中ノ越,0,,,10,4,6,4
394120600,2,四万十町,富岡,0,,,26,11,15,12
394120610,2,四万十町,平串,0,,,170,89,81,83
394120620,2,四万十町,黒石,0,,,207,102,105,99
394120630,2,四万十町,本堂,0,,,151,69,82,68
394120640,2,四万十町,与津地,0,,,114,53,61,46
394120650,2,四万十町,親ケ内,0,,,36,17,19,17
394120660,2,四万十町,八千数,0,,,37,19,18,14
394120680,2,四万十町,藤ノ川,0,,,117,60,57,56
394120690,2,四万十町,向川,0,,,29,12,17,13
394120700,2,四万十町,数神,0,,,98,49,49,49
394120710,2,四万十町,奈路,0,,,90,47,43,43
394120720,2,四万十町,道徳,0,,,33,15,18,18
394120730,2,四万十町,平野,0,,,102,50,52,46
394120740,2,四万十町,土居,0,,,88,38,50,37
394120750,2,四万十町,弘見,0,,,100,42,58,40
394120760,2,四万十町,飯ノ川,0,,,47,25,22,21
394120770,2,四万十町,志和峰,0,,,39,21,18,18
394120780,2,四万十町,志和,0,,,190,87,103,99
394120790,2,四万十町,小鶴津,0,,,-,-,-,-
394120800,2,四万十町,大鶴津,0,,,-,-,-,-
394120810,2,四万十町,興津,0,,,710,335,375,396
394120820,2,四万十町,大正,0,,,1006,451,555,474
394120830,2,四万十町,下津井,0,,,48,20,28,27
394120840,2,四万十町,大正中津川,0,,,58,29,29,32
394120850,2,四万十町,古味野々,0,,,21,12,9,9
394120860,2,四万十町,下道,0,,,19,10,9,11
394120870,2,四万十町,木屋ケ内,0,,,47,26,21,25
394120880,2,四万十町,芳川,0,,,18,10,8,7
394120890,2,四万十町,大正大奈路,0,,,122,56,66,57
394120900,2,四万十町,西ノ川,0,,,73,41,32,34
394120910,2,四万十町,江師,0,,,130,68,62,57
394120920,2,四万十町,小石,0,,,25,12,13,10
394120930,2,四万十町,相去,0,,,33,15,18,16
394120940,2,四万十町,烏手,0,,,38,21,17,13
394120950,2,四万十町,市ノ又,0,,,10,6,4,5
394120960,2,四万十町,上岡,0,,,35,18,17,16
394120970,2,四万十町,下岡,0,,,23,11,12,8
394120980,2,四万十町,瀬里,0,,,20,8,12,11
394120990,2,四万十町,希ノ川,0,,,21,10,11,8
394121000,2,四万十町,大正北ノ川,0,,,151,78,73,59
394121010,2,四万十町,弘瀬,0,,,62,29,33,25
394121020,2,四万十町,上宮,0,,,79,37,42,37
394121030,2,四万十町,打井川,0,,,144,70,74,52
394121040,2,四万十町,地吉,0,,,118,55,63,54
394121050,2,四万十町,古城,0,,,137,70,67,65
394121060,2,四万十町,戸川,0,,,110,54,56,44
394121070,2,四万十町,十川,0,,,351,176,175,150
394121080,2,四万十町,十和川口,0,,,166,93,73,76
394121090,2,四万十町,井﨑,0,,,117,59,58,48
394121100,2,四万十町,広瀬,0,,,94,53,41,42
394121110,2,四万十町,奥大道,0,,,56,32,24,29
394121120,2,四万十町,口大道,0,,,44,18,26,22
394121130,2,四万十町,昭和,0,,,358,172,186,169
394121140,2,四万十町,久保川,0,,,98,53,45,48
394121150,2,四万十町,河内,0,,,73,40,33,28
394121160,2,四万十町,小野,0,,,150,74,76,63
394121170,2,四万十町,大井川,0,,,289,128,161,134
394121180,2,四万十町,津賀,0,,,19,6,13,11
394121190,2,四万十町,茅吹手,0,,,24,11,13,11
394121200,2,四万十町,浦越,0,,,55,26,29,24
394121210,2,四万十町,里川,0,,,45,18,27,20
394121220,2,四万十町,野々川,0,,,40,21,19,18
39424,1,大月町,,0,,,4434,2128,2306,2198
394240010,3,大月町,大字弘見,0,,,1457,709,748,685
39424001001,4,大月町,大字弘見馬路,0,,,49,23,26,20
39424001002,4,大月町,大字弘見田城,0,,,166,74,92,80
39424001003,4,大月町,大字弘見成畑,0,,,180,83,97,84
39424001004,4,大月町,大字弘見芝,0,,,259,127,132,121
39424001005,4,大月町,大字弘見本田,0,,,85,42,43,43
39424001006,4,大月町,大字弘見郷,0,,,278,131,147,126
39424001007,4,大月町,大字弘見亀尾,0,,,165,82,83,71
39424001008,4,大月町,大字弘見長沢,0,,,60,34,26,30
39424001009,4,大月町,大字弘見地吉,0,,,-,-,-,-
39424001010,4,大月町,大字弘見笠木,0,,,158,78,80,77
39424001011,4,大月町,大字弘見大駄場,0,,,57,35,22,33
394240120,2,大月町,大字清王,0,,,95,44,51,53
394240130,2,大月町,大字鉾土,0,,,205,84,121,73
394240140,2,大月町,大字頭集,0,,,164,88,76,81
394240150,2,大月町,大字平山,0,,,158,81,77,88
394240160,2,大月町,大字古満目,0,,,117,53,64,66
394240170,2,大月町,大字柏島,0,,,317,154,163,162
394240180,2,大月町,大字一切,0,,,79,40,39,36
394240190,2,大月町,大字安満地,0,,,187,110,77,97
394240200,2,大月町,大字橘浦,0,,,141,68,73,73
394240210,2,大月町,大字泊浦,0,,,75,42,33,41
394240220,2,大月町,大字龍ケ迫,0,,,54,27,27,31
394240230,3,大月町,大字芳ノ沢,0,,,169,79,90,95
39424023001,4,大月町,大字芳ノ沢本村,0,,,60,25,35,38
39424023002,4,大月町,大字芳ノ沢内平,0,,,105,51,54,54
39424023003,4,大月町,大字芳ノ沢白浜,0,,,4,3,1,3
394240260,2,大月町,大字添ノ川,0,,,39,18,21,19
394240270,2,大月町,大字小才角,0,,,102,46,56,60
394240280,2,大月町,大字才角,0,,,84,38,46,45
394240290,2,大月町,大字大浦,0,,,121,59,62,66
394240300,2,大月町,大字姫ノ井,0,,,387,182,205,183
394240310,2,大月町,大字赤泊,0,,,8,2,6,5
394240320,2,大月町,大字月ケ丘,0,,,2,1,1,2
394240330,2,大月町,大字西泊,0,,,120,47,73,61
394240340,2,大月町,大字樫ノ浦,0,,,127,58,69,64
394240350,2,大月町,大字周防形,0,,,138,62,76,74
394240360,2,大月町,大字春遠,0,,,84,34,50,36
394240370,2,大月町,大字唐岩,0,,,4,2,2,2
394240380,2,大月町,宿毛湾港,0,,,-,-,-,-
39427,1,三原村,,0,,,1437,690,747,658
394270010,2,三原村,大字宮ノ川,0,,,450,199,251,160
394270020,2,三原村,大字上長谷,0,,,98,49,49,45
394270030,2,三原村,大字狼内,0,,,41,18,23,24
394270040,2,三原村,大字成山,0,,,25,11,14,13
394270050,2,三原村,大字芳井,0,,,17,8,9,10
394270060,2,三原村,大字下長谷,0,,,165,86,79,81
394270070,2,三原村,大字上下長谷,0,,,88,43,45,40
394270080,2,三原村,大字柚ノ木,0,,,272,135,137,128
394270090,2,三原村,大字来栖野,0,,,78,45,33,46
394270100,2,三原村,大字皆尾,0,,,82,39,43,46
394270110,2,三原村,大字広野,0,,,29,14,15,13
394270120,2,三原村,大字亀ノ川,0,,,46,21,25,30
394270130,2,三原村,大字下切,0,,,46,22,24,22
39428,1,黒潮町,,0,,,10262,4944,5318,4607
394280010,2,黒潮町,佐賀,0,,,1868,944,924,883
394280020,2,黒潮町,市野々川,0,,,78,33,45,42
394280030,2,黒潮町,小黒ノ川,0,,,19,10,9,8
394280040,2,黒潮町,熊ノ浦,0,,,37,17,20,18
394280050,2,黒潮町,熊井,0,,,50,26,24,24
394280060,2,黒潮町,不破原,0,,,50,22,28,26
394280070,2,黒潮町,伊与喜,0,,,113,55,58,49
394280080,2,黒潮町,藤縄,0,,,81,39,42,31
394280090,2,黒潮町,白浜,0,,,112,41,71,28
394280100,2,黒潮町,市野瀬,0,,,33,13,20,14
394280110,2,黒潮町,佐賀橘川,0,,,73,35,38,34
394280120,2,黒潮町,鈴,0,,,60,32,28,29
394280130,2,黒潮町,中ノ川,0,,,37,17,20,16
394280140,2,黒潮町,荷稲,0,,,63,29,34,28
394280150,2,黒潮町,拳ノ川,0,,,163,76,87,57
394280160,2,黒潮町,川奥,0,,,92,40,52,43
394280170,2,黒潮町,灘,0,,,34,17,17,20
394280180,2,黒潮町,伊田,0,,,277,136,141,149
394280190,2,黒潮町,有井川,0,,,228,87,141,80
394280200,2,黒潮町,上川口,0,,,629,312,317,289
394280210,2,黒潮町,蜷川,0,,,220,103,117,107
394280220,2,黒潮町,浮鞭,0,,,733,354,379,355
394280230,2,黒潮町,口湊川,0,,,54,30,24,25
394280240,2,黒潮町,奥湊川,0,,,91,45,46,47
394280250,2,黒潮町,加持,0,,,429,217,212,157
394280260,2,黒潮町,加持川,0,,,56,22,34,27
394280270,2,黒潮町,大井川,0,,,27,15,12,14
394280280,3,黒潮町,入野,0,,,2518,1209,1309,1144
39428028001,4,黒潮町,入野早咲,0,,,560,284,276,246
39428028002,4,黒潮町,入野浜の宮,0,,,219,107,112,98
39428028003,4,黒潮町,入野町,0,,,62,26,36,30
39428028004,4,黒潮町,入野万行,0,,,481,233,248,239
39428028005,4,黒潮町,入野入野本村,0,,,306,145,161,141
39428028006,4,黒潮町,入野錦野,0,,,656,296,360,274
39428028007,4,黒潮町,入野芝,0,,,234,118,116,116
394280290,2,黒潮町,馬荷,0,,,183,84,99,75
394280300,2,黒潮町,大方橘川,0,,,16,8,8,9
394280310,2,黒潮町,御坊畑,0,,,97,50,47,43
394280320,2,黒潮町,上田ノ口,0,,,172,79,93,84
394280330,2,黒潮町,下田ノ口,0,,,608,279,329,268
394280340,2,黒潮町,田野浦,0,,,585,297,288,254
394280350,2,黒潮町,出口,0,,,376,171,205,130